연도,도시,품목코드,지출품목,물가지수
2012,전국,0,총지수,91.815
2012,서울특별시,0,총지수,90.605
2012,부산광역시,0,총지수,91.502
2012,대구광역시,0,총지수,90.939
2012,인천광역시,0,총지수,91.542
2012,광주광역시,0,총지수,92.347
2012,대전광역시,0,총지수,93.669
2012,울산광역시,0,총지수,93.272
2012,세종특별자치시,0,총지수,0.0
2012,경기도,0,총지수,91.769
2012,강원도,0,총지수,92.692
2012,충청북도,0,총지수,92.938
2012,충청남도,0,총지수,93.753
2012,전라북도,0,총지수,93.051
2012,전라남도,0,총지수,92.434
2012,경상북도,0,총지수,93.713
2012,경상남도,0,총지수,92.52
2012,제주특별자치도,0,총지수,91.257
2013,전국,0,총지수,93.01
2013,서울특별시,0,총지수,91.869
2013,부산광역시,0,총지수,92.852
2013,대구광역시,0,총지수,92.442
2013,인천광역시,0,총지수,92.533
2013,광주광역시,0,총지수,93.54
2013,대전광역시,0,총지수,94.592
2013,울산광역시,0,총지수,94.688
2013,세종특별자치시,0,총지수,0.0
2013,경기도,0,총지수,92.89
2013,강원도,0,총지수,93.697
2013,충청북도,0,총지수,94.104
2013,충청남도,0,총지수,94.867
2013,전라북도,0,총지수,94.173
2013,전라남도,0,총지수,93.687
2013,경상북도,0,총지수,94.798
2013,경상남도,0,총지수,93.723
2013,제주특별자치도,0,총지수,92.519
2014,전국,0,총지수,94.196
2014,서울특별시,0,총지수,93.3
2014,부산광역시,0,총지수,94.019
2014,대구광역시,0,총지수,93.769
2014,인천광역시,0,총지수,93.832
2014,광주광역시,0,총지수,95.041
2014,대전광역시,0,총지수,95.459
2014,울산광역시,0,총지수,95.812
2014,세종특별자치시,0,총지수,0.0
2014,경기도,0,총지수,94.038
2014,강원도,0,총지수,94.334
2014,충청북도,0,총지수,95.22
2014,충청남도,0,총지수,95.309
2014,전라북도,0,총지수,95.233
2014,전라남도,0,총지수,94.627
2014,경상북도,0,총지수,95.758
2014,경상남도,0,총지수,94.997
2014,제주특별자치도,0,총지수,93.55
2015,전국,0,총지수,94.861
2015,서울특별시,0,총지수,94.47
2015,부산광역시,0,총지수,94.807
2015,대구광역시,0,총지수,94.464
2015,인천광역시,0,총지수,94.76
2015,광주광역시,0,총지수,95.306
2015,대전광역시,0,총지수,95.648
2015,울산광역시,0,총지수,96.251
2015,세종특별자치시,0,총지수,95.626
2015,경기도,0,총지수,94.734
2015,강원도,0,총지수,94.369
2015,충청북도,0,총지수,95.073
2015,충청남도,0,총지수,95.515
2015,전라북도,0,총지수,95.205
2015,전라남도,0,총지수,94.595
2015,경상북도,0,총지수,95.795
2015,경상남도,0,총지수,95.521
2015,제주특별자치도,0,총지수,94.149
2016,전국,0,총지수,95.783
2016,서울특별시,0,총지수,95.585
2016,부산광역시,0,총지수,95.929
2016,대구광역시,0,총지수,95.412
2016,인천광역시,0,총지수,95.571
2016,광주광역시,0,총지수,96.18
2016,대전광역시,0,총지수,96.297
2016,울산광역시,0,총지수,97.205
2016,세종특별자치시,0,총지수,96.311
2016,경기도,0,총지수,95.624
2016,강원도,0,총지수,95.11
2016,충청북도,0,총지수,95.613
2016,충청남도,0,총지수,96.171
2016,전라북도,0,총지수,95.718
2016,전라남도,0,총지수,95.486
2016,경상북도,0,총지수,96.452
2016,경상남도,0,총지수,96.405
2016,제주특별자치도,0,총지수,95.366
2017,전국,0,총지수,97.645
2017,서울특별시,0,총지수,97.494
2017,부산광역시,0,총지수,97.639
2017,대구광역시,0,총지수,97.358
2017,인천광역시,0,총지수,97.383
2017,광주광역시,0,총지수,98.191
2017,대전광역시,0,총지수,97.894
2017,울산광역시,0,총지수,99.006
2017,세종특별자치시,0,총지수,98.205
2017,경기도,0,총지수,97.545
2017,강원도,0,총지수,97.013
2017,충청북도,0,총지수,97.524
2017,충청남도,0,총지수,98.036
2017,전라북도,0,총지수,97.492
2017,전라남도,0,총지수,97.508
2017,경상북도,0,총지수,98.24
2017,경상남도,0,총지수,97.952
2017,제주특별자치도,0,총지수,97.553
2018,전국,0,총지수,99.086
2018,서울특별시,0,총지수,98.799
2018,부산광역시,0,총지수,99.343
2018,대구광역시,0,총지수,99.047
2018,인천광역시,0,총지수,98.96
2018,광주광역시,0,총지수,99.345
2018,대전광역시,0,총지수,99.412
2018,울산광역시,0,총지수,100.026
2018,세종특별자치시,0,총지수,99.232
2018,경기도,0,총지수,98.994
2018,강원도,0,총지수,98.557
2018,충청북도,0,총지수,99.122
2018,충청남도,0,총지수,99.437
2018,전라북도,0,총지수,99.158
2018,전라남도,0,총지수,98.971
2018,경상북도,0,총지수,99.703
2018,경상남도,0,총지수,99.304
2018,제주특별자치도,0,총지수,99.252
2019,전국,0,총지수,99.466
2019,서울특별시,0,총지수,99.382
2019,부산광역시,0,총지수,99.824
2019,대구광역시,0,총지수,99.71
2019,인천광역시,0,총지수,99.222
2019,광주광역시,0,총지수,99.564
2019,대전광역시,0,총지수,99.622
2019,울산광역시,0,총지수,99.705
2019,세종특별자치시,0,총지수,99.566
2019,경기도,0,총지수,99.396
2019,강원도,0,총지수,99.384
2019,충청북도,0,총지수,99.487
2019,충청남도,0,총지수,99.343
2019,전라북도,0,총지수,99.467
2019,전라남도,0,총지수,99.3
2019,경상북도,0,총지수,99.875
2019,경상남도,0,총지수,99.385
2019,제주특별자치도,0,총지수,99.574
2020,전국,0,총지수,100.0
2020,서울특별시,0,총지수,100.0
2020,부산광역시,0,총지수,100.0
2020,대구광역시,0,총지수,100.0
2020,인천광역시,0,총지수,100.0
2020,광주광역시,0,총지수,100.0
2020,대전광역시,0,총지수,100.0
2020,울산광역시,0,총지수,100.0
2020,세종특별자치시,0,총지수,100.0
2020,경기도,0,총지수,100.0
2020,강원도,0,총지수,100.0
2020,충청북도,0,총지수,100.0
2020,충청남도,0,총지수,100.0
2020,전라북도,0,총지수,100.0
2020,전라남도,0,총지수,100.0
2020,경상북도,0,총지수,100.0
2020,경상남도,0,총지수,100.0
2020,제주특별자치도,0,총지수,100.0
2021,전국,0,총지수,102.5
2021,서울특별시,0,총지수,102.1
2021,부산광역시,0,총지수,102.46
2021,대구광역시,0,총지수,102.64
2021,인천광역시,0,총지수,102.62
2021,광주광역시,0,총지수,102.57
2021,대전광역시,0,총지수,102.5
2021,울산광역시,0,총지수,102.49
2021,세종특별자치시,0,총지수,102.71
2021,경기도,0,총지수,102.57
2021,강원도,0,총지수,102.8
2021,충청북도,0,총지수,102.69
2021,충청남도,0,총지수,102.77
2021,전라북도,0,총지수,102.59
2021,전라남도,0,총지수,102.62
2021,경상북도,0,총지수,102.74
2021,경상남도,0,총지수,102.53
2021,제주특별자치도,0,총지수,102.63
2012,전국,01,식료품 및 비주류음료,85.626
2012,서울특별시,01,식료품 및 비주류음료,85.688
2012,부산광역시,01,식료품 및 비주류음료,86.624
2012,대구광역시,01,식료품 및 비주류음료,84.829
2012,인천광역시,01,식료품 및 비주류음료,85.696
2012,광주광역시,01,식료품 및 비주류음료,86.21
2012,대전광역시,01,식료품 및 비주류음료,86.231
2012,울산광역시,01,식료품 및 비주류음료,85.949
2012,세종특별자치시,01,식료품 및 비주류음료,0.0
2012,경기도,01,식료품 및 비주류음료,85.659
2012,강원도,01,식료품 및 비주류음료,85.572
2012,충청북도,01,식료품 및 비주류음료,85.477
2012,충청남도,01,식료품 및 비주류음료,85.239
2012,전라북도,01,식료품 및 비주류음료,84.277
2012,전라남도,01,식료품 및 비주류음료,83.926
2012,경상북도,01,식료품 및 비주류음료,85.7
2012,경상남도,01,식료품 및 비주류음료,86.286
2012,제주특별자치도,01,식료품 및 비주류음료,83.403
2013,전국,01,식료품 및 비주류음료,86.36
2013,서울특별시,01,식료품 및 비주류음료,85.903
2013,부산광역시,01,식료품 및 비주류음료,88.064
2013,대구광역시,01,식료품 및 비주류음료,85.478
2013,인천광역시,01,식료품 및 비주류음료,86.812
2013,광주광역시,01,식료품 및 비주류음료,86.507
2013,대전광역시,01,식료품 및 비주류음료,86.178
2013,울산광역시,01,식료품 및 비주류음료,87.181
2013,세종특별자치시,01,식료품 및 비주류음료,0.0
2013,경기도,01,식료품 및 비주류음료,86.667
2013,강원도,01,식료품 및 비주류음료,86.585
2013,충청북도,01,식료품 및 비주류음료,86.084
2013,충청남도,01,식료품 및 비주류음료,85.244
2013,전라북도,01,식료품 및 비주류음료,85.735
2013,전라남도,01,식료품 및 비주류음료,85.092
2013,경상북도,01,식료품 및 비주류음료,86.389
2013,경상남도,01,식료품 및 비주류음료,86.838
2013,제주특별자치도,01,식료품 및 비주류음료,84.917
2014,전국,01,식료품 및 비주류음료,86.612
2014,서울특별시,01,식료품 및 비주류음료,86.106
2014,부산광역시,01,식료품 및 비주류음료,87.745
2014,대구광역시,01,식료품 및 비주류음료,86.756
2014,인천광역시,01,식료품 및 비주류음료,86.704
2014,광주광역시,01,식료품 및 비주류음료,87.519
2014,대전광역시,01,식료품 및 비주류음료,86.183
2014,울산광역시,01,식료품 및 비주류음료,88.238
2014,세종특별자치시,01,식료품 및 비주류음료,0.0
2014,경기도,01,식료품 및 비주류음료,86.888
2014,강원도,01,식료품 및 비주류음료,86.39
2014,충청북도,01,식료품 및 비주류음료,86.817
2014,충청남도,01,식료품 및 비주류음료,85.29
2014,전라북도,01,식료품 및 비주류음료,85.581
2014,전라남도,01,식료품 및 비주류음료,85.319
2014,경상북도,01,식료품 및 비주류음료,87.151
2014,경상남도,01,식료품 및 비주류음료,87.422
2014,제주특별자치도,01,식료품 및 비주류음료,85.686
2015,전국,01,식료품 및 비주류음료,88.041
2015,서울특별시,01,식료품 및 비주류음료,88.038
2015,부산광역시,01,식료품 및 비주류음료,89.09
2015,대구광역시,01,식료품 및 비주류음료,87.94
2015,인천광역시,01,식료품 및 비주류음료,87.909
2015,광주광역시,01,식료품 및 비주류음료,89.142
2015,대전광역시,01,식료품 및 비주류음료,86.848
2015,울산광역시,01,식료품 및 비주류음료,89.55
2015,세종특별자치시,01,식료품 및 비주류음료,88.898
2015,경기도,01,식료품 및 비주류음료,88.176
2015,강원도,01,식료품 및 비주류음료,87.787
2015,충청북도,01,식료품 및 비주류음료,87.893
2015,충청남도,01,식료품 및 비주류음료,87.572
2015,전라북도,01,식료품 및 비주류음료,87.181
2015,전라남도,01,식료품 및 비주류음료,86.014
2015,경상북도,01,식료품 및 비주류음료,88.501
2015,경상남도,01,식료품 및 비주류음료,88.329
2015,제주특별자치도,01,식료품 및 비주류음료,87.849
2016,전국,01,식료품 및 비주류음료,90.073
2016,서울특별시,01,식료품 및 비주류음료,89.857
2016,부산광역시,01,식료품 및 비주류음료,91.141
2016,대구광역시,01,식료품 및 비주류음료,90.595
2016,인천광역시,01,식료품 및 비주류음료,89.636
2016,광주광역시,01,식료품 및 비주류음료,91.222
2016,대전광역시,01,식료품 및 비주류음료,88.965
2016,울산광역시,01,식료품 및 비주류음료,91.855
2016,세종특별자치시,01,식료품 및 비주류음료,91.031
2016,경기도,01,식료품 및 비주류음료,89.972
2016,강원도,01,식료품 및 비주류음료,89.687
2016,충청북도,01,식료품 및 비주류음료,90.092
2016,충청남도,01,식료품 및 비주류음료,89.391
2016,전라북도,01,식료품 및 비주류음료,89.285
2016,전라남도,01,식료품 및 비주류음료,88.984
2016,경상북도,01,식료품 및 비주류음료,90.577
2016,경상남도,01,식료품 및 비주류음료,90.232
2016,제주특별자치도,01,식료품 및 비주류음료,89.968
2017,전국,01,식료품 및 비주류음료,93.134
2017,서울특별시,01,식료품 및 비주류음료,93.614
2017,부산광역시,01,식료품 및 비주류음료,93.511
2017,대구광역시,01,식료품 및 비주류음료,93.475
2017,인천광역시,01,식료품 및 비주류음료,92.38
2017,광주광역시,01,식료품 및 비주류음료,94.751
2017,대전광역시,01,식료품 및 비주류음료,92.294
2017,울산광역시,01,식료품 및 비주류음료,94.687
2017,세종특별자치시,01,식료품 및 비주류음료,94.482
2017,경기도,01,식료품 및 비주류음료,93.133
2017,강원도,01,식료품 및 비주류음료,92.645
2017,충청북도,01,식료품 및 비주류음료,92.756
2017,충청남도,01,식료품 및 비주류음료,92.343
2017,전라북도,01,식료품 및 비주류음료,91.519
2017,전라남도,01,식료품 및 비주류음료,91.819
2017,경상북도,01,식료품 및 비주류음료,93.257
2017,경상남도,01,식료품 및 비주류음료,92.4
2017,제주특별자치도,01,식료품 및 비주류음료,92.29
2018,전국,01,식료품 및 비주류음료,95.717
2018,서울특별시,01,식료품 및 비주류음료,95.878
2018,부산광역시,01,식료품 및 비주류음료,96.718
2018,대구광역시,01,식료품 및 비주류음료,96.809
2018,인천광역시,01,식료품 및 비주류음료,95.678
2018,광주광역시,01,식료품 및 비주류음료,95.732
2018,대전광역시,01,식료품 및 비주류음료,94.858
2018,울산광역시,01,식료품 및 비주류음료,96.072
2018,세종특별자치시,01,식료품 및 비주류음료,96.533
2018,경기도,01,식료품 및 비주류음료,95.521
2018,강원도,01,식료품 및 비주류음료,94.782
2018,충청북도,01,식료품 및 비주류음료,95.651
2018,충청남도,01,식료품 및 비주류음료,94.806
2018,전라북도,01,식료품 및 비주류음료,94.697
2018,전라남도,01,식료품 및 비주류음료,94.128
2018,경상북도,01,식료품 및 비주류음료,96.456
2018,경상남도,01,식료품 및 비주류음료,95.453
2018,제주특별자치도,01,식료품 및 비주류음료,95.928
2019,전국,01,식료품 및 비주류음료,95.762
2019,서울특별시,01,식료품 및 비주류음료,95.33
2019,부산광역시,01,식료품 및 비주류음료,96.993
2019,대구광역시,01,식료품 및 비주류음료,96.806
2019,인천광역시,01,식료품 및 비주류음료,95.909
2019,광주광역시,01,식료품 및 비주류음료,95.87
2019,대전광역시,01,식료품 및 비주류음료,95.655
2019,울산광역시,01,식료품 및 비주류음료,95.361
2019,세종특별자치시,01,식료품 및 비주류음료,96.714
2019,경기도,01,식료품 및 비주류음료,95.707
2019,강원도,01,식료품 및 비주류음료,95.561
2019,충청북도,01,식료품 및 비주류음료,96.058
2019,충청남도,01,식료품 및 비주류음료,95.195
2019,전라북도,01,식료품 및 비주류음료,95.165
2019,전라남도,01,식료품 및 비주류음료,95.06
2019,경상북도,01,식료품 및 비주류음료,96.089
2019,경상남도,01,식료품 및 비주류음료,95.736
2019,제주특별자치도,01,식료품 및 비주류음료,96.679
2020,전국,01,식료품 및 비주류음료,100.0
2020,서울특별시,01,식료품 및 비주류음료,100.0
2020,부산광역시,01,식료품 및 비주류음료,100.0
2020,대구광역시,01,식료품 및 비주류음료,100.0
2020,인천광역시,01,식료품 및 비주류음료,100.0
2020,광주광역시,01,식료품 및 비주류음료,100.0
2020,대전광역시,01,식료품 및 비주류음료,100.0
2020,울산광역시,01,식료품 및 비주류음료,100.0
2020,세종특별자치시,01,식료품 및 비주류음료,100.0
2020,경기도,01,식료품 및 비주류음료,100.0
2020,강원도,01,식료품 및 비주류음료,100.0
2020,충청북도,01,식료품 및 비주류음료,100.0
2020,충청남도,01,식료품 및 비주류음료,100.0
2020,전라북도,01,식료품 및 비주류음료,100.0
2020,전라남도,01,식료품 및 비주류음료,100.0
2020,경상북도,01,식료품 및 비주류음료,100.0
2020,경상남도,01,식료품 및 비주류음료,100.0
2020,제주특별자치도,01,식료품 및 비주류음료,100.0
2021,전국,01,식료품 및 비주류음료,105.89
2021,서울특별시,01,식료품 및 비주류음료,105.39
2021,부산광역시,01,식료품 및 비주류음료,105.91
2021,대구광역시,01,식료품 및 비주류음료,106.01
2021,인천광역시,01,식료품 및 비주류음료,106.26
2021,광주광역시,01,식료품 및 비주류음료,106.33
2021,대전광역시,01,식료품 및 비주류음료,106.24
2021,울산광역시,01,식료품 및 비주류음료,106.17
2021,세종특별자치시,01,식료품 및 비주류음료,104.5
2021,경기도,01,식료품 및 비주류음료,106.33
2021,강원도,01,식료품 및 비주류음료,106.43
2021,충청북도,01,식료품 및 비주류음료,105.91
2021,충청남도,01,식료품 및 비주류음료,105.79
2021,전라북도,01,식료품 및 비주류음료,105.66
2021,전라남도,01,식료품 및 비주류음료,105.06
2021,경상북도,01,식료품 및 비주류음료,105.65
2021,경상남도,01,식료품 및 비주류음료,105.15
2021,제주특별자치도,01,식료품 및 비주류음료,105.99
2012,전국,02,주류 및 담배,63.402
2012,서울특별시,02,주류 및 담배,64.176
2012,부산광역시,02,주류 및 담배,63.001
2012,대구광역시,02,주류 및 담배,61.827
2012,인천광역시,02,주류 및 담배,63.042
2012,광주광역시,02,주류 및 담배,62.125
2012,대전광역시,02,주류 및 담배,62.737
2012,울산광역시,02,주류 및 담배,62.746
2012,세종특별자치시,02,주류 및 담배,0.0
2012,경기도,02,주류 및 담배,63.804
2012,강원도,02,주류 및 담배,63.221
2012,충청북도,02,주류 및 담배,63.644
2012,충청남도,02,주류 및 담배,63.961
2012,전라북도,02,주류 및 담배,64.432
2012,전라남도,02,주류 및 담배,63.583
2012,경상북도,02,주류 및 담배,62.057
2012,경상남도,02,주류 및 담배,63.16
2012,제주특별자치도,02,주류 및 담배,64.276
2013,전국,02,주류 및 담배,64.46
2013,서울특별시,02,주류 및 담배,65.183
2013,부산광역시,02,주류 및 담배,64.177
2013,대구광역시,02,주류 및 담배,62.397
2013,인천광역시,02,주류 및 담배,63.96
2013,광주광역시,02,주류 및 담배,63.046
2013,대전광역시,02,주류 및 담배,64.0
2013,울산광역시,02,주류 및 담배,63.717
2013,세종특별자치시,02,주류 및 담배,0.0
2013,경기도,02,주류 및 담배,64.985
2013,강원도,02,주류 및 담배,64.38
2013,충청북도,02,주류 및 담배,64.638
2013,충청남도,02,주류 및 담배,65.351
2013,전라북도,02,주류 및 담배,65.601
2013,전라남도,02,주류 및 담배,64.721
2013,경상북도,02,주류 및 담배,62.877
2013,경상남도,02,주류 및 담배,64.234
2013,제주특별자치도,02,주류 및 담배,65.122
2014,전국,02,주류 및 담배,64.413
2014,서울특별시,02,주류 및 담배,64.989
2014,부산광역시,02,주류 및 담배,64.071
2014,대구광역시,02,주류 및 담배,62.433
2014,인천광역시,02,주류 및 담배,63.865
2014,광주광역시,02,주류 및 담배,63.047
2014,대전광역시,02,주류 및 담배,64.184
2014,울산광역시,02,주류 및 담배,63.874
2014,세종특별자치시,02,주류 및 담배,0.0
2014,경기도,02,주류 및 담배,64.973
2014,강원도,02,주류 및 담배,64.436
2014,충청북도,02,주류 및 담배,64.781
2014,충청남도,02,주류 및 담배,65.332
2014,전라북도,02,주류 및 담배,65.715
2014,전라남도,02,주류 및 담배,64.799
2014,경상북도,02,주류 및 담배,62.921
2014,경상남도,02,주류 및 담배,64.142
2014,제주특별자치도,02,주류 및 담배,65.079
2015,전국,02,주류 및 담배,96.674
2015,서울특별시,02,주류 및 담배,96.145
2015,부산광역시,02,주류 및 담배,97.92
2015,대구광역시,02,주류 및 담배,97.178
2015,인천광역시,02,주류 및 담배,97.344
2015,광주광역시,02,주류 및 담배,97.119
2015,대전광역시,02,주류 및 담배,96.149
2015,울산광역시,02,주류 및 담배,96.924
2015,세종특별자치시,02,주류 및 담배,96.818
2015,경기도,02,주류 및 담배,96.028
2015,강원도,02,주류 및 담배,96.977
2015,충청북도,02,주류 및 담배,96.663
2015,충청남도,02,주류 및 담배,96.266
2015,전라북도,02,주류 및 담배,96.447
2015,전라남도,02,주류 및 담배,97.735
2015,경상북도,02,주류 및 담배,97.244
2015,경상남도,02,주류 및 담배,97.0
2015,제주특별자치도,02,주류 및 담배,97.366
2016,전국,02,주류 및 담배,97.338
2016,서울특별시,02,주류 및 담배,97.095
2016,부산광역시,02,주류 및 담배,98.296
2016,대구광역시,02,주류 및 담배,97.959
2016,인천광역시,02,주류 및 담배,97.875
2016,광주광역시,02,주류 및 담배,97.411
2016,대전광역시,02,주류 및 담배,97.085
2016,울산광역시,02,주류 및 담배,97.511
2016,세종특별자치시,02,주류 및 담배,97.365
2016,경기도,02,주류 및 담배,96.707
2016,강원도,02,주류 및 담배,97.623
2016,충청북도,02,주류 및 담배,97.218
2016,충청남도,02,주류 및 담배,96.97
2016,전라북도,02,주류 및 담배,97.181
2016,전라남도,02,주류 및 담배,97.89
2016,경상북도,02,주류 및 담배,97.899
2016,경상남도,02,주류 및 담배,97.672
2016,제주특별자치도,02,주류 및 담배,97.728
2017,전국,02,주류 및 담배,98.805
2017,서울특별시,02,주류 및 담배,98.483
2017,부산광역시,02,주류 및 담배,99.867
2017,대구광역시,02,주류 및 담배,99.403
2017,인천광역시,02,주류 및 담배,99.047
2017,광주광역시,02,주류 및 담배,99.522
2017,대전광역시,02,주류 및 담배,98.486
2017,울산광역시,02,주류 및 담배,98.744
2017,세종특별자치시,02,주류 및 담배,99.183
2017,경기도,02,주류 및 담배,98.433
2017,강원도,02,주류 및 담배,98.702
2017,충청북도,02,주류 및 담배,98.638
2017,충청남도,02,주류 및 담배,98.377
2017,전라북도,02,주류 및 담배,98.707
2017,전라남도,02,주류 및 담배,99.511
2017,경상북도,02,주류 및 담배,99.142
2017,경상남도,02,주류 및 담배,98.973
2017,제주특별자치도,02,주류 및 담배,98.892
2018,전국,02,주류 및 담배,99.063
2018,서울특별시,02,주류 및 담배,98.722
2018,부산광역시,02,주류 및 담배,99.944
2018,대구광역시,02,주류 및 담배,99.404
2018,인천광역시,02,주류 및 담배,99.347
2018,광주광역시,02,주류 및 담배,99.899
2018,대전광역시,02,주류 및 담배,98.702
2018,울산광역시,02,주류 및 담배,99.388
2018,세종특별자치시,02,주류 및 담배,99.364
2018,경기도,02,주류 및 담배,98.76
2018,강원도,02,주류 및 담배,98.894
2018,충청북도,02,주류 및 담배,98.934
2018,충청남도,02,주류 및 담배,98.915
2018,전라북도,02,주류 및 담배,99.009
2018,전라남도,02,주류 및 담배,99.451
2018,경상북도,02,주류 및 담배,99.339
2018,경상남도,02,주류 및 담배,99.206
2018,제주특별자치도,02,주류 및 담배,99.16
2019,전국,02,주류 및 담배,99.682
2019,서울특별시,02,주류 및 담배,99.493
2019,부산광역시,02,주류 및 담배,100.178
2019,대구광역시,02,주류 및 담배,99.74
2019,인천광역시,02,주류 및 담배,100.058
2019,광주광역시,02,주류 및 담배,100.112
2019,대전광역시,02,주류 및 담배,99.008
2019,울산광역시,02,주류 및 담배,99.763
2019,세종특별자치시,02,주류 및 담배,99.544
2019,경기도,02,주류 및 담배,99.594
2019,강원도,02,주류 및 담배,99.737
2019,충청북도,02,주류 및 담배,99.74
2019,충청남도,02,주류 및 담배,99.617
2019,전라북도,02,주류 및 담배,99.867
2019,전라남도,02,주류 및 담배,99.852
2019,경상북도,02,주류 및 담배,99.691
2019,경상남도,02,주류 및 담배,99.497
2019,제주특별자치도,02,주류 및 담배,99.804
2020,전국,02,주류 및 담배,100.0
2020,서울특별시,02,주류 및 담배,100.0
2020,부산광역시,02,주류 및 담배,100.0
2020,대구광역시,02,주류 및 담배,100.0
2020,인천광역시,02,주류 및 담배,100.0
2020,광주광역시,02,주류 및 담배,100.0
2020,대전광역시,02,주류 및 담배,100.0
2020,울산광역시,02,주류 및 담배,100.0
2020,세종특별자치시,02,주류 및 담배,100.0
2020,경기도,02,주류 및 담배,100.0
2020,강원도,02,주류 및 담배,100.0
2020,충청북도,02,주류 및 담배,100.0
2020,충청남도,02,주류 및 담배,100.0
2020,전라북도,02,주류 및 담배,100.0
2020,전라남도,02,주류 및 담배,100.0
2020,경상북도,02,주류 및 담배,100.0
2020,경상남도,02,주류 및 담배,100.0
2020,제주특별자치도,02,주류 및 담배,100.0
2021,전국,02,주류 및 담배,100.43
2021,서울특별시,02,주류 및 담배,100.67
2021,부산광역시,02,주류 및 담배,100.7
2021,대구광역시,02,주류 및 담배,99.93
2021,인천광역시,02,주류 및 담배,100.65
2021,광주광역시,02,주류 및 담배,100.05
2021,대전광역시,02,주류 및 담배,100.18
2021,울산광역시,02,주류 및 담배,100.22
2021,세종특별자치시,02,주류 및 담배,100.28
2021,경기도,02,주류 및 담배,100.55
2021,강원도,02,주류 및 담배,100.19
2021,충청북도,02,주류 및 담배,100.23
2021,충청남도,02,주류 및 담배,100.33
2021,전라북도,02,주류 및 담배,99.99
2021,전라남도,02,주류 및 담배,100.07
2021,경상북도,02,주류 및 담배,100.11
2021,경상남도,02,주류 및 담배,100.27
2021,제주특별자치도,02,주류 및 담배,99.95
2012,전국,03,의류 및 신발,87.862
2012,서울특별시,03,의류 및 신발,87.294
2012,부산광역시,03,의류 및 신발,87.908
2012,대구광역시,03,의류 및 신발,86.836
2012,인천광역시,03,의류 및 신발,88.934
2012,광주광역시,03,의류 및 신발,86.879
2012,대전광역시,03,의류 및 신발,88.683
2012,울산광역시,03,의류 및 신발,88.995
2012,세종특별자치시,03,의류 및 신발,0.0
2012,경기도,03,의류 및 신발,88.171
2012,강원도,03,의류 및 신발,87.349
2012,충청북도,03,의류 및 신발,86.706
2012,충청남도,03,의류 및 신발,87.99
2012,전라북도,03,의류 및 신발,88.838
2012,전라남도,03,의류 및 신발,88.474
2012,경상북도,03,의류 및 신발,87.442
2012,경상남도,03,의류 및 신발,88.202
2012,제주특별자치도,03,의류 및 신발,88.287
2013,전국,03,의류 및 신발,90.431
2013,서울특별시,03,의류 및 신발,89.771
2013,부산광역시,03,의류 및 신발,90.442
2013,대구광역시,03,의류 및 신발,89.376
2013,인천광역시,03,의류 및 신발,91.332
2013,광주광역시,03,의류 및 신발,89.5
2013,대전광역시,03,의류 및 신발,91.265
2013,울산광역시,03,의류 및 신발,91.583
2013,세종특별자치시,03,의류 및 신발,0.0
2013,경기도,03,의류 및 신발,90.686
2013,강원도,03,의류 및 신발,90.137
2013,충청북도,03,의류 및 신발,89.651
2013,충청남도,03,의류 및 신발,90.684
2013,전라북도,03,의류 및 신발,91.511
2013,전라남도,03,의류 및 신발,91.17
2013,경상북도,03,의류 및 신발,90.087
2013,경상남도,03,의류 및 신발,91.031
2013,제주특별자치도,03,의류 및 신발,90.722
2014,전국,03,의류 및 신발,94.06
2014,서울특별시,03,의류 및 신발,93.402
2014,부산광역시,03,의류 및 신발,94.102
2014,대구광역시,03,의류 및 신발,93.206
2014,인천광역시,03,의류 및 신발,94.817
2014,광주광역시,03,의류 및 신발,93.187
2014,대전광역시,03,의류 및 신발,94.901
2014,울산광역시,03,의류 및 신발,95.425
2014,세종특별자치시,03,의류 및 신발,0.0
2014,경기도,03,의류 및 신발,94.286
2014,강원도,03,의류 및 신발,93.633
2014,충청북도,03,의류 및 신발,93.29
2014,충청남도,03,의류 및 신발,93.9
2014,전라북도,03,의류 및 신발,95.342
2014,전라남도,03,의류 및 신발,94.911
2014,경상북도,03,의류 및 신발,93.591
2014,경상남도,03,의류 및 신발,94.782
2014,제주특별자치도,03,의류 및 신발,94.453
2015,전국,03,의류 및 신발,95.317
2015,서울특별시,03,의류 및 신발,94.916
2015,부산광역시,03,의류 및 신발,95.295
2015,대구광역시,03,의류 및 신발,94.571
2015,인천광역시,03,의류 및 신발,95.995
2015,광주광역시,03,의류 및 신발,94.222
2015,대전광역시,03,의류 및 신발,95.821
2015,울산광역시,03,의류 및 신발,96.282
2015,세종특별자치시,03,의류 및 신발,95.989
2015,경기도,03,의류 및 신발,95.497
2015,강원도,03,의류 및 신발,94.74
2015,충청북도,03,의류 및 신발,94.647
2015,충청남도,03,의류 및 신발,95.409
2015,전라북도,03,의류 및 신발,96.523
2015,전라남도,03,의류 및 신발,96.083
2015,경상북도,03,의류 및 신발,94.915
2015,경상남도,03,의류 및 신발,95.939
2015,제주특별자치도,03,의류 및 신발,95.795
2016,전국,03,의류 및 신발,97.029
2016,서울특별시,03,의류 및 신발,96.573
2016,부산광역시,03,의류 및 신발,96.845
2016,대구광역시,03,의류 및 신발,96.239
2016,인천광역시,03,의류 및 신발,97.73
2016,광주광역시,03,의류 및 신발,96.036
2016,대전광역시,03,의류 및 신발,97.543
2016,울산광역시,03,의류 및 신발,97.912
2016,세종특별자치시,03,의류 및 신발,97.86
2016,경기도,03,의류 및 신발,97.251
2016,강원도,03,의류 및 신발,96.567
2016,충청북도,03,의류 및 신발,96.353
2016,충청남도,03,의류 및 신발,97.266
2016,전라북도,03,의류 및 신발,97.968
2016,전라남도,03,의류 및 신발,97.669
2016,경상북도,03,의류 및 신발,96.665
2016,경상남도,03,의류 및 신발,97.731
2016,제주특별자치도,03,의류 및 신발,97.835
2017,전국,03,의류 및 신발,98.082
2017,서울특별시,03,의류 및 신발,97.476
2017,부산광역시,03,의류 및 신발,98.159
2017,대구광역시,03,의류 및 신발,97.211
2017,인천광역시,03,의류 및 신발,98.876
2017,광주광역시,03,의류 및 신발,97.038
2017,대전광역시,03,의류 및 신발,98.612
2017,울산광역시,03,의류 및 신발,99.061
2017,세종특별자치시,03,의류 및 신발,99.029
2017,경기도,03,의류 및 신발,98.346
2017,강원도,03,의류 및 신발,97.608
2017,충청북도,03,의류 및 신발,97.338
2017,충청남도,03,의류 및 신발,98.473
2017,전라북도,03,의류 및 신발,98.827
2017,전라남도,03,의류 및 신발,98.754
2017,경상북도,03,의류 및 신발,97.842
2017,경상남도,03,의류 및 신발,98.781
2017,제주특별자치도,03,의류 및 신발,98.942
2018,전국,03,의류 및 신발,99.169
2018,서울특별시,03,의류 및 신발,98.508
2018,부산광역시,03,의류 및 신발,99.414
2018,대구광역시,03,의류 및 신발,98.28
2018,인천광역시,03,의류 및 신발,99.927
2018,광주광역시,03,의류 및 신발,98.159
2018,대전광역시,03,의류 및 신발,99.949
2018,울산광역시,03,의류 및 신발,100.0
2018,세종특별자치시,03,의류 및 신발,100.076
2018,경기도,03,의류 및 신발,99.362
2018,강원도,03,의류 및 신발,98.942
2018,충청북도,03,의류 및 신발,98.488
2018,충청남도,03,의류 및 신발,99.517
2018,전라북도,03,의류 및 신발,100.364
2018,전라남도,03,의류 및 신발,99.932
2018,경상북도,03,의류 및 신발,98.903
2018,경상남도,03,의류 및 신발,99.819
2018,제주특별자치도,03,의류 및 신발,100.081
2019,전국,03,의류 및 신발,99.27
2019,서울특별시,03,의류 및 신발,99.076
2019,부산광역시,03,의류 및 신발,99.314
2019,대구광역시,03,의류 및 신발,99.024
2019,인천광역시,03,의류 및 신발,99.382
2019,광주광역시,03,의류 및 신발,98.824
2019,대전광역시,03,의류 및 신발,99.48
2019,울산광역시,03,의류 및 신발,99.634
2019,세종특별자치시,03,의류 및 신발,99.389
2019,경기도,03,의류 및 신발,99.259
2019,강원도,03,의류 및 신발,99.877
2019,충청북도,03,의류 및 신발,99.112
2019,충청남도,03,의류 및 신발,99.548
2019,전라북도,03,의류 및 신발,99.396
2019,전라남도,03,의류 및 신발,99.906
2019,경상북도,03,의류 및 신발,99.112
2019,경상남도,03,의류 및 신발,99.455
2019,제주특별자치도,03,의류 및 신발,100.208
2020,전국,03,의류 및 신발,100.0
2020,서울특별시,03,의류 및 신발,100.0
2020,부산광역시,03,의류 및 신발,100.0
2020,대구광역시,03,의류 및 신발,100.0
2020,인천광역시,03,의류 및 신발,100.0
2020,광주광역시,03,의류 및 신발,100.0
2020,대전광역시,03,의류 및 신발,100.0
2020,울산광역시,03,의류 및 신발,100.0
2020,세종특별자치시,03,의류 및 신발,100.0
2020,경기도,03,의류 및 신발,100.0
2020,강원도,03,의류 및 신발,100.0
2020,충청북도,03,의류 및 신발,100.0
2020,충청남도,03,의류 및 신발,100.0
2020,전라북도,03,의류 및 신발,100.0
2020,전라남도,03,의류 및 신발,100.0
2020,경상북도,03,의류 및 신발,100.0
2020,경상남도,03,의류 및 신발,100.0
2020,제주특별자치도,03,의류 및 신발,100.0
2021,전국,03,의류 및 신발,100.56
2021,서울특별시,03,의류 및 신발,100.66
2021,부산광역시,03,의류 및 신발,100.57
2021,대구광역시,03,의류 및 신발,100.49
2021,인천광역시,03,의류 및 신발,100.48
2021,광주광역시,03,의류 및 신발,100.51
2021,대전광역시,03,의류 및 신발,100.56
2021,울산광역시,03,의류 및 신발,100.64
2021,세종특별자치시,03,의류 및 신발,100.65
2021,경기도,03,의류 및 신발,100.52
2021,강원도,03,의류 및 신발,100.52
2021,충청북도,03,의류 및 신발,100.53
2021,충청남도,03,의류 및 신발,100.54
2021,전라북도,03,의류 및 신발,100.56
2021,전라남도,03,의류 및 신발,100.67
2021,경상북도,03,의류 및 신발,100.52
2021,경상남도,03,의류 및 신발,100.5
2021,제주특별자치도,03,의류 및 신발,100.46
2012,전국,04,"주택, 수도, 전기 및 연료",91.499
2012,서울특별시,04,"주택, 수도, 전기 및 연료",89.037
2012,부산광역시,04,"주택, 수도, 전기 및 연료",93.361
2012,대구광역시,04,"주택, 수도, 전기 및 연료",92.067
2012,인천광역시,04,"주택, 수도, 전기 및 연료",91.141
2012,광주광역시,04,"주택, 수도, 전기 및 연료",93.014
2012,대전광역시,04,"주택, 수도, 전기 및 연료",95.159
2012,울산광역시,04,"주택, 수도, 전기 및 연료",98.165
2012,세종특별자치시,04,"주택, 수도, 전기 및 연료",0.0
2012,경기도,04,"주택, 수도, 전기 및 연료",89.843
2012,강원도,04,"주택, 수도, 전기 및 연료",94.98
2012,충청북도,04,"주택, 수도, 전기 및 연료",94.901
2012,충청남도,04,"주택, 수도, 전기 및 연료",93.443
2012,전라북도,04,"주택, 수도, 전기 및 연료",95.14
2012,전라남도,04,"주택, 수도, 전기 및 연료",95.973
2012,경상북도,04,"주택, 수도, 전기 및 연료",99.035
2012,경상남도,04,"주택, 수도, 전기 및 연료",97.0
2012,제주특별자치도,04,"주택, 수도, 전기 및 연료",93.242
2013,전국,04,"주택, 수도, 전기 및 연료",94.735
2013,서울특별시,04,"주택, 수도, 전기 및 연료",92.441
2013,부산광역시,04,"주택, 수도, 전기 및 연료",96.973
2013,대구광역시,04,"주택, 수도, 전기 및 연료",95.574
2013,인천광역시,04,"주택, 수도, 전기 및 연료",94.113
2013,광주광역시,04,"주택, 수도, 전기 및 연료",96.829
2013,대전광역시,04,"주택, 수도, 전기 및 연료",97.875
2013,울산광역시,04,"주택, 수도, 전기 및 연료",101.371
2013,세종특별자치시,04,"주택, 수도, 전기 및 연료",0.0
2013,경기도,04,"주택, 수도, 전기 및 연료",92.95
2013,강원도,04,"주택, 수도, 전기 및 연료",97.641
2013,충청북도,04,"주택, 수도, 전기 및 연료",98.214
2013,충청남도,04,"주택, 수도, 전기 및 연료",97.051
2013,전라북도,04,"주택, 수도, 전기 및 연료",98.327
2013,전라남도,04,"주택, 수도, 전기 및 연료",98.772
2013,경상북도,04,"주택, 수도, 전기 및 연료",101.942
2013,경상남도,04,"주택, 수도, 전기 및 연료",99.942
2013,제주특별자치도,04,"주택, 수도, 전기 및 연료",95.83
2014,전국,04,"주택, 수도, 전기 및 연료",97.451
2014,서울특별시,04,"주택, 수도, 전기 및 연료",95.463
2014,부산광역시,04,"주택, 수도, 전기 및 연료",99.062
2014,대구광역시,04,"주택, 수도, 전기 및 연료",98.489
2014,인천광역시,04,"주택, 수도, 전기 및 연료",97.345
2014,광주광역시,04,"주택, 수도, 전기 및 연료",99.502
2014,대전광역시,04,"주택, 수도, 전기 및 연료",100.351
2014,울산광역시,04,"주택, 수도, 전기 및 연료",104.208
2014,세종특별자치시,04,"주택, 수도, 전기 및 연료",0.0
2014,경기도,04,"주택, 수도, 전기 및 연료",95.534
2014,강원도,04,"주택, 수도, 전기 및 연료",99.1
2014,충청북도,04,"주택, 수도, 전기 및 연료",100.441
2014,충청남도,04,"주택, 수도, 전기 및 연료",99.592
2014,전라북도,04,"주택, 수도, 전기 및 연료",100.892
2014,전라남도,04,"주택, 수도, 전기 및 연료",100.773
2014,경상북도,04,"주택, 수도, 전기 및 연료",104.45
2014,경상남도,04,"주택, 수도, 전기 및 연료",102.868
2014,제주특별자치도,04,"주택, 수도, 전기 및 연료",97.084
2015,전국,04,"주택, 수도, 전기 및 연료",96.827
2015,서울특별시,04,"주택, 수도, 전기 및 연료",95.737
2015,부산광역시,04,"주택, 수도, 전기 및 연료",96.979
2015,대구광역시,04,"주택, 수도, 전기 및 연료",97.881
2015,인천광역시,04,"주택, 수도, 전기 및 연료",96.656
2015,광주광역시,04,"주택, 수도, 전기 및 연료",97.797
2015,대전광역시,04,"주택, 수도, 전기 및 연료",98.442
2015,울산광역시,04,"주택, 수도, 전기 및 연료",102.505
2015,세종특별자치시,04,"주택, 수도, 전기 및 연료",95.527
2015,경기도,04,"주택, 수도, 전기 및 연료",95.953
2015,강원도,04,"주택, 수도, 전기 및 연료",96.342
2015,충청북도,04,"주택, 수도, 전기 및 연료",97.266
2015,충청남도,04,"주택, 수도, 전기 및 연료",97.425
2015,전라북도,04,"주택, 수도, 전기 및 연료",98.29
2015,전라남도,04,"주택, 수도, 전기 및 연료",97.532
2015,경상북도,04,"주택, 수도, 전기 및 연료",100.736
2015,경상남도,04,"주택, 수도, 전기 및 연료",100.611
2015,제주특별자치도,04,"주택, 수도, 전기 및 연료",95.056
2016,전국,04,"주택, 수도, 전기 및 연료",96.038
2016,서울특별시,04,"주택, 수도, 전기 및 연료",95.486
2016,부산광역시,04,"주택, 수도, 전기 및 연료",96.029
2016,대구광역시,04,"주택, 수도, 전기 및 연료",96.488
2016,인천광역시,04,"주택, 수도, 전기 및 연료",95.736
2016,광주광역시,04,"주택, 수도, 전기 및 연료",96.009
2016,대전광역시,04,"주택, 수도, 전기 및 연료",96.155
2016,울산광역시,04,"주택, 수도, 전기 및 연료",100.572
2016,세종특별자치시,04,"주택, 수도, 전기 및 연료",94.15
2016,경기도,04,"주택, 수도, 전기 및 연료",95.72
2016,강원도,04,"주택, 수도, 전기 및 연료",94.848
2016,충청북도,04,"주택, 수도, 전기 및 연료",95.37
2016,충청남도,04,"주택, 수도, 전기 및 연료",95.876
2016,전라북도,04,"주택, 수도, 전기 및 연료",96.393
2016,전라남도,04,"주택, 수도, 전기 및 연료",95.882
2016,경상북도,04,"주택, 수도, 전기 및 연료",98.155
2016,경상남도,04,"주택, 수도, 전기 및 연료",99.257
2016,제주특별자치도,04,"주택, 수도, 전기 및 연료",95.169
2017,전국,04,"주택, 수도, 전기 및 연료",97.666
2017,서울특별시,04,"주택, 수도, 전기 및 연료",97.528
2017,부산광역시,04,"주택, 수도, 전기 및 연료",97.294
2017,대구광역시,04,"주택, 수도, 전기 및 연료",97.077
2017,인천광역시,04,"주택, 수도, 전기 및 연료",96.9
2017,광주광역시,04,"주택, 수도, 전기 및 연료",97.276
2017,대전광역시,04,"주택, 수도, 전기 및 연료",96.976
2017,울산광역시,04,"주택, 수도, 전기 및 연료",101.057
2017,세종특별자치시,04,"주택, 수도, 전기 및 연료",95.868
2017,경기도,04,"주택, 수도, 전기 및 연료",97.748
2017,강원도,04,"주택, 수도, 전기 및 연료",96.276
2017,충청북도,04,"주택, 수도, 전기 및 연료",96.772
2017,충청남도,04,"주택, 수도, 전기 및 연료",97.375
2017,전라북도,04,"주택, 수도, 전기 및 연료",97.323
2017,전라남도,04,"주택, 수도, 전기 및 연료",97.571
2017,경상북도,04,"주택, 수도, 전기 및 연료",98.884
2017,경상남도,04,"주택, 수도, 전기 및 연료",100.008
2017,제주특별자치도,04,"주택, 수도, 전기 및 연료",97.908
2018,전국,04,"주택, 수도, 전기 및 연료",98.354
2018,서울특별시,04,"주택, 수도, 전기 및 연료",98.215
2018,부산광역시,04,"주택, 수도, 전기 및 연료",98.364
2018,대구광역시,04,"주택, 수도, 전기 및 연료",97.806
2018,인천광역시,04,"주택, 수도, 전기 및 연료",97.721
2018,광주광역시,04,"주택, 수도, 전기 및 연료",97.703
2018,대전광역시,04,"주택, 수도, 전기 및 연료",98.095
2018,울산광역시,04,"주택, 수도, 전기 및 연료",100.777
2018,세종특별자치시,04,"주택, 수도, 전기 및 연료",96.39
2018,경기도,04,"주택, 수도, 전기 및 연료",98.382
2018,강원도,04,"주택, 수도, 전기 및 연료",97.959
2018,충청북도,04,"주택, 수도, 전기 및 연료",97.875
2018,충청남도,04,"주택, 수도, 전기 및 연료",98.199
2018,전라북도,04,"주택, 수도, 전기 및 연료",98.076
2018,전라남도,04,"주택, 수도, 전기 및 연료",98.43
2018,경상북도,04,"주택, 수도, 전기 및 연료",99.02
2018,경상남도,04,"주택, 수도, 전기 및 연료",99.787
2018,제주특별자치도,04,"주택, 수도, 전기 및 연료",100.183
2019,전국,04,"주택, 수도, 전기 및 연료",99.488
2019,서울특별시,04,"주택, 수도, 전기 및 연료",99.355
2019,부산광역시,04,"주택, 수도, 전기 및 연료",99.66
2019,대구광역시,04,"주택, 수도, 전기 및 연료",99.345
2019,인천광역시,04,"주택, 수도, 전기 및 연료",99.072
2019,광주광역시,04,"주택, 수도, 전기 및 연료",99.257
2019,대전광역시,04,"주택, 수도, 전기 및 연료",99.192
2019,울산광역시,04,"주택, 수도, 전기 및 연료",100.182
2019,세종특별자치시,04,"주택, 수도, 전기 및 연료",98.222
2019,경기도,04,"주택, 수도, 전기 및 연료",99.38
2019,강원도,04,"주택, 수도, 전기 및 연료",99.826
2019,충청북도,04,"주택, 수도, 전기 및 연료",99.506
2019,충청남도,04,"주택, 수도, 전기 및 연료",99.536
2019,전라북도,04,"주택, 수도, 전기 및 연료",99.752
2019,전라남도,04,"주택, 수도, 전기 및 연료",100.02
2019,경상북도,04,"주택, 수도, 전기 및 연료",100.07
2019,경상남도,04,"주택, 수도, 전기 및 연료",100.412
2019,제주특별자치도,04,"주택, 수도, 전기 및 연료",100.772
2020,전국,04,"주택, 수도, 전기 및 연료",100.0
2020,서울특별시,04,"주택, 수도, 전기 및 연료",100.0
2020,부산광역시,04,"주택, 수도, 전기 및 연료",100.0
2020,대구광역시,04,"주택, 수도, 전기 및 연료",100.0
2020,인천광역시,04,"주택, 수도, 전기 및 연료",100.0
2020,광주광역시,04,"주택, 수도, 전기 및 연료",100.0
2020,대전광역시,04,"주택, 수도, 전기 및 연료",100.0
2020,울산광역시,04,"주택, 수도, 전기 및 연료",100.0
2020,세종특별자치시,04,"주택, 수도, 전기 및 연료",100.0
2020,경기도,04,"주택, 수도, 전기 및 연료",100.0
2020,강원도,04,"주택, 수도, 전기 및 연료",100.0
2020,충청북도,04,"주택, 수도, 전기 및 연료",100.0
2020,충청남도,04,"주택, 수도, 전기 및 연료",100.0
2020,전라북도,04,"주택, 수도, 전기 및 연료",100.0
2020,전라남도,04,"주택, 수도, 전기 및 연료",100.0
2020,경상북도,04,"주택, 수도, 전기 및 연료",100.0
2020,경상남도,04,"주택, 수도, 전기 및 연료",100.0
2020,제주특별자치도,04,"주택, 수도, 전기 및 연료",100.0
2021,전국,04,"주택, 수도, 전기 및 연료",101.63
2021,서울특별시,04,"주택, 수도, 전기 및 연료",101.48
2021,부산광역시,04,"주택, 수도, 전기 및 연료",100.97
2021,대구광역시,04,"주택, 수도, 전기 및 연료",101.18
2021,인천광역시,04,"주택, 수도, 전기 및 연료",101.56
2021,광주광역시,04,"주택, 수도, 전기 및 연료",100.91
2021,대전광역시,04,"주택, 수도, 전기 및 연료",101.49
2021,울산광역시,04,"주택, 수도, 전기 및 연료",101.3
2021,세종특별자치시,04,"주택, 수도, 전기 및 연료",104.5
2021,경기도,04,"주택, 수도, 전기 및 연료",101.92
2021,강원도,04,"주택, 수도, 전기 및 연료",102.33
2021,충청북도,04,"주택, 수도, 전기 및 연료",102.14
2021,충청남도,04,"주택, 수도, 전기 및 연료",102.23
2021,전라북도,04,"주택, 수도, 전기 및 연료",101.2
2021,전라남도,04,"주택, 수도, 전기 및 연료",101.89
2021,경상북도,04,"주택, 수도, 전기 및 연료",101.48
2021,경상남도,04,"주택, 수도, 전기 및 연료",101.34
2021,제주특별자치도,04,"주택, 수도, 전기 및 연료",102.02
2012,전국,05,가정용품 및 가사 서비스,88.743
2012,서울특별시,05,가정용품 및 가사 서비스,88.347
2012,부산광역시,05,가정용품 및 가사 서비스,89.129
2012,대구광역시,05,가정용품 및 가사 서비스,87.63
2012,인천광역시,05,가정용품 및 가사 서비스,88.312
2012,광주광역시,05,가정용품 및 가사 서비스,89.962
2012,대전광역시,05,가정용품 및 가사 서비스,90.054
2012,울산광역시,05,가정용품 및 가사 서비스,87.054
2012,세종특별자치시,05,가정용품 및 가사 서비스,0.0
2012,경기도,05,가정용품 및 가사 서비스,88.275
2012,강원도,05,가정용품 및 가사 서비스,88.725
2012,충청북도,05,가정용품 및 가사 서비스,88.056
2012,충청남도,05,가정용품 및 가사 서비스,89.817
2012,전라북도,05,가정용품 및 가사 서비스,89.989
2012,전라남도,05,가정용품 및 가사 서비스,89.603
2012,경상북도,05,가정용품 및 가사 서비스,89.643
2012,경상남도,05,가정용품 및 가사 서비스,89.37
2012,제주특별자치도,05,가정용품 및 가사 서비스,88.607
2013,전국,05,가정용품 및 가사 서비스,88.98
2013,서울특별시,05,가정용품 및 가사 서비스,88.323
2013,부산광역시,05,가정용품 및 가사 서비스,89.333
2013,대구광역시,05,가정용품 및 가사 서비스,88.652
2013,인천광역시,05,가정용품 및 가사 서비스,88.234
2013,광주광역시,05,가정용품 및 가사 서비스,89.66
2013,대전광역시,05,가정용품 및 가사 서비스,90.312
2013,울산광역시,05,가정용품 및 가사 서비스,88.289
2013,세종특별자치시,05,가정용품 및 가사 서비스,0.0
2013,경기도,05,가정용품 및 가사 서비스,88.463
2013,강원도,05,가정용품 및 가사 서비스,89.51
2013,충청북도,05,가정용품 및 가사 서비스,89.655
2013,충청남도,05,가정용품 및 가사 서비스,90.192
2013,전라북도,05,가정용품 및 가사 서비스,89.5
2013,전라남도,05,가정용품 및 가사 서비스,90.051
2013,경상북도,05,가정용품 및 가사 서비스,90.115
2013,경상남도,05,가정용품 및 가사 서비스,89.434
2013,제주특별자치도,05,가정용품 및 가사 서비스,88.956
2014,전국,05,가정용품 및 가사 서비스,90.872
2014,서울특별시,05,가정용품 및 가사 서비스,89.479
2014,부산광역시,05,가정용품 및 가사 서비스,91.052
2014,대구광역시,05,가정용품 및 가사 서비스,90.828
2014,인천광역시,05,가정용품 및 가사 서비스,90.511
2014,광주광역시,05,가정용품 및 가사 서비스,92.175
2014,대전광역시,05,가정용품 및 가사 서비스,91.948
2014,울산광역시,05,가정용품 및 가사 서비스,90.83
2014,세종특별자치시,05,가정용품 및 가사 서비스,0.0
2014,경기도,05,가정용품 및 가사 서비스,90.962
2014,강원도,05,가정용품 및 가사 서비스,91.058
2014,충청북도,05,가정용품 및 가사 서비스,91.532
2014,충청남도,05,가정용품 및 가사 서비스,90.969
2014,전라북도,05,가정용품 및 가사 서비스,92.103
2014,전라남도,05,가정용품 및 가사 서비스,91.265
2014,경상북도,05,가정용품 및 가사 서비스,92.036
2014,경상남도,05,가정용품 및 가사 서비스,91.573
2014,제주특별자치도,05,가정용품 및 가사 서비스,90.818
2015,전국,05,가정용품 및 가사 서비스,93.225
2015,서울특별시,05,가정용품 및 가사 서비스,91.507
2015,부산광역시,05,가정용품 및 가사 서비스,93.823
2015,대구광역시,05,가정용품 및 가사 서비스,94.037
2015,인천광역시,05,가정용품 및 가사 서비스,92.843
2015,광주광역시,05,가정용품 및 가사 서비스,93.845
2015,대전광역시,05,가정용품 및 가사 서비스,95.019
2015,울산광역시,05,가정용품 및 가사 서비스,92.5
2015,세종특별자치시,05,가정용품 및 가사 서비스,95.481
2015,경기도,05,가정용품 및 가사 서비스,93.461
2015,강원도,05,가정용품 및 가사 서비스,92.698
2015,충청북도,05,가정용품 및 가사 서비스,93.866
2015,충청남도,05,가정용품 및 가사 서비스,94.014
2015,전라북도,05,가정용품 및 가사 서비스,94.931
2015,전라남도,05,가정용품 및 가사 서비스,93.067
2015,경상북도,05,가정용품 및 가사 서비스,93.864
2015,경상남도,05,가정용품 및 가사 서비스,93.691
2015,제주특별자치도,05,가정용품 및 가사 서비스,93.361
2016,전국,05,가정용품 및 가사 서비스,94.673
2016,서울특별시,05,가정용품 및 가사 서비스,92.995
2016,부산광역시,05,가정용품 및 가사 서비스,95.067
2016,대구광역시,05,가정용품 및 가사 서비스,95.366
2016,인천광역시,05,가정용품 및 가사 서비스,94.24
2016,광주광역시,05,가정용품 및 가사 서비스,95.657
2016,대전광역시,05,가정용품 및 가사 서비스,96.129
2016,울산광역시,05,가정용품 및 가사 서비스,94.475
2016,세종특별자치시,05,가정용품 및 가사 서비스,95.788
2016,경기도,05,가정용품 및 가사 서비스,94.981
2016,강원도,05,가정용품 및 가사 서비스,94.281
2016,충청북도,05,가정용품 및 가사 서비스,94.971
2016,충청남도,05,가정용품 및 가사 서비스,95.097
2016,전라북도,05,가정용품 및 가사 서비스,96.173
2016,전라남도,05,가정용품 및 가사 서비스,94.78
2016,경상북도,05,가정용품 및 가사 서비스,95.497
2016,경상남도,05,가정용품 및 가사 서비스,94.962
2016,제주특별자치도,05,가정용품 및 가사 서비스,94.535
2017,전국,05,가정용품 및 가사 서비스,95.712
2017,서울특별시,05,가정용품 및 가사 서비스,94.07
2017,부산광역시,05,가정용품 및 가사 서비스,96.5
2017,대구광역시,05,가정용품 및 가사 서비스,96.038
2017,인천광역시,05,가정용품 및 가사 서비스,94.963
2017,광주광역시,05,가정용품 및 가사 서비스,96.484
2017,대전광역시,05,가정용품 및 가사 서비스,96.969
2017,울산광역시,05,가정용품 및 가사 서비스,95.926
2017,세종특별자치시,05,가정용품 및 가사 서비스,96.734
2017,경기도,05,가정용품 및 가사 서비스,95.945
2017,강원도,05,가정용품 및 가사 서비스,95.986
2017,충청북도,05,가정용품 및 가사 서비스,96.697
2017,충청남도,05,가정용품 및 가사 서비스,96.084
2017,전라북도,05,가정용품 및 가사 서비스,97.322
2017,전라남도,05,가정용품 및 가사 서비스,96.388
2017,경상북도,05,가정용품 및 가사 서비스,96.513
2017,경상남도,05,가정용품 및 가사 서비스,95.877
2017,제주특별자치도,05,가정용품 및 가사 서비스,95.876
2018,전국,05,가정용품 및 가사 서비스,97.875
2018,서울특별시,05,가정용품 및 가사 서비스,97.105
2018,부산광역시,05,가정용품 및 가사 서비스,97.977
2018,대구광역시,05,가정용품 및 가사 서비스,97.769
2018,인천광역시,05,가정용품 및 가사 서비스,97.418
2018,광주광역시,05,가정용품 및 가사 서비스,98.34
2018,대전광역시,05,가정용품 및 가사 서비스,98.44
2018,울산광역시,05,가정용품 및 가사 서비스,97.949
2018,세종특별자치시,05,가정용품 및 가사 서비스,98.371
2018,경기도,05,가정용품 및 가사 서비스,98.044
2018,강원도,05,가정용품 및 가사 서비스,98.242
2018,충청북도,05,가정용품 및 가사 서비스,98.436
2018,충청남도,05,가정용품 및 가사 서비스,97.455
2018,전라북도,05,가정용품 및 가사 서비스,98.843
2018,전라남도,05,가정용품 및 가사 서비스,97.843
2018,경상북도,05,가정용품 및 가사 서비스,98.688
2018,경상남도,05,가정용품 및 가사 서비스,97.901
2018,제주특별자치도,05,가정용품 및 가사 서비스,97.699
2019,전국,05,가정용품 및 가사 서비스,99.967
2019,서울특별시,05,가정용품 및 가사 서비스,99.793
2019,부산광역시,05,가정용품 및 가사 서비스,100.019
2019,대구광역시,05,가정용품 및 가사 서비스,99.945
2019,인천광역시,05,가정용품 및 가사 서비스,99.698
2019,광주광역시,05,가정용품 및 가사 서비스,100.189
2019,대전광역시,05,가정용품 및 가사 서비스,100.025
2019,울산광역시,05,가정용품 및 가사 서비스,99.725
2019,세종특별자치시,05,가정용품 및 가사 서비스,100.064
2019,경기도,05,가정용품 및 가사 서비스,100.001
2019,강원도,05,가정용품 및 가사 서비스,99.639
2019,충청북도,05,가정용품 및 가사 서비스,100.452
2019,충청남도,05,가정용품 및 가사 서비스,99.676
2019,전라북도,05,가정용품 및 가사 서비스,100.434
2019,전라남도,05,가정용품 및 가사 서비스,99.702
2019,경상북도,05,가정용품 및 가사 서비스,100.143
2019,경상남도,05,가정용품 및 가사 서비스,100.011
2019,제주특별자치도,05,가정용품 및 가사 서비스,99.922
2020,전국,05,가정용품 및 가사 서비스,100.0
2020,서울특별시,05,가정용품 및 가사 서비스,100.0
2020,부산광역시,05,가정용품 및 가사 서비스,100.0
2020,대구광역시,05,가정용품 및 가사 서비스,100.0
2020,인천광역시,05,가정용품 및 가사 서비스,100.0
2020,광주광역시,05,가정용품 및 가사 서비스,100.0
2020,대전광역시,05,가정용품 및 가사 서비스,100.0
2020,울산광역시,05,가정용품 및 가사 서비스,100.0
2020,세종특별자치시,05,가정용품 및 가사 서비스,100.0
2020,경기도,05,가정용품 및 가사 서비스,100.0
2020,강원도,05,가정용품 및 가사 서비스,100.0
2020,충청북도,05,가정용품 및 가사 서비스,100.0
2020,충청남도,05,가정용품 및 가사 서비스,100.0
2020,전라북도,05,가정용품 및 가사 서비스,100.0
2020,전라남도,05,가정용품 및 가사 서비스,100.0
2020,경상북도,05,가정용품 및 가사 서비스,100.0
2020,경상남도,05,가정용품 및 가사 서비스,100.0
2020,제주특별자치도,05,가정용품 및 가사 서비스,100.0
2021,전국,05,가정용품 및 가사 서비스,101.87
2021,서울특별시,05,가정용품 및 가사 서비스,101.75
2021,부산광역시,05,가정용품 및 가사 서비스,102.04
2021,대구광역시,05,가정용품 및 가사 서비스,101.9
2021,인천광역시,05,가정용품 및 가사 서비스,102.12
2021,광주광역시,05,가정용품 및 가사 서비스,101.98
2021,대전광역시,05,가정용품 및 가사 서비스,101.99
2021,울산광역시,05,가정용품 및 가사 서비스,101.88
2021,세종특별자치시,05,가정용품 및 가사 서비스,101.63
2021,경기도,05,가정용품 및 가사 서비스,101.7
2021,강원도,05,가정용품 및 가사 서비스,102.08
2021,충청북도,05,가정용품 및 가사 서비스,102.2
2021,충청남도,05,가정용품 및 가사 서비스,101.67
2021,전라북도,05,가정용품 및 가사 서비스,101.8
2021,전라남도,05,가정용품 및 가사 서비스,101.73
2021,경상북도,05,가정용품 및 가사 서비스,101.95
2021,경상남도,05,가정용품 및 가사 서비스,102.21
2021,제주특별자치도,05,가정용품 및 가사 서비스,102.33
2012,전국,06,보건,94.106
2012,서울특별시,06,보건,93.785
2012,부산광역시,06,보건,94.391
2012,대구광역시,06,보건,93.481
2012,인천광역시,06,보건,94.737
2012,광주광역시,06,보건,94.197
2012,대전광역시,06,보건,94.597
2012,울산광역시,06,보건,92.921
2012,세종특별자치시,06,보건,0.0
2012,경기도,06,보건,94.026
2012,강원도,06,보건,94.798
2012,충청북도,06,보건,94.606
2012,충청남도,06,보건,94.84
2012,전라북도,06,보건,93.748
2012,전라남도,06,보건,95.244
2012,경상북도,06,보건,94.335
2012,경상남도,06,보건,94.274
2012,제주특별자치도,06,보건,93.685
2013,전국,06,보건,94.443
2013,서울특별시,06,보건,94.313
2013,부산광역시,06,보건,94.628
2013,대구광역시,06,보건,93.7
2013,인천광역시,06,보건,94.695
2013,광주광역시,06,보건,94.831
2013,대전광역시,06,보건,94.843
2013,울산광역시,06,보건,93.035
2013,세종특별자치시,06,보건,0.0
2013,경기도,06,보건,94.187
2013,강원도,06,보건,95.273
2013,충청북도,06,보건,95.013
2013,충청남도,06,보건,94.988
2013,전라북도,06,보건,94.264
2013,전라남도,06,보건,95.083
2013,경상북도,06,보건,94.667
2013,경상남도,06,보건,95.042
2013,제주특별자치도,06,보건,94.263
2014,전국,06,보건,95.108
2014,서울특별시,06,보건,94.945
2014,부산광역시,06,보건,95.248
2014,대구광역시,06,보건,94.373
2014,인천광역시,06,보건,95.429
2014,광주광역시,06,보건,95.782
2014,대전광역시,06,보건,95.654
2014,울산광역시,06,보건,94.327
2014,세종특별자치시,06,보건,0.0
2014,경기도,06,보건,94.75
2014,강원도,06,보건,95.793
2014,충청북도,06,보건,95.62
2014,충청남도,06,보건,95.329
2014,전라북도,06,보건,95.268
2014,전라남도,06,보건,95.442
2014,경상북도,06,보건,95.416
2014,경상남도,06,보건,95.893
2014,제주특별자치도,06,보건,94.999
2015,전국,06,보건,96.298
2015,서울특별시,06,보건,95.959
2015,부산광역시,06,보건,96.372
2015,대구광역시,06,보건,95.87
2015,인천광역시,06,보건,96.585
2015,광주광역시,06,보건,96.888
2015,대전광역시,06,보건,96.914
2015,울산광역시,06,보건,96.35
2015,세종특별자치시,06,보건,97.28
2015,경기도,06,보건,95.97
2015,강원도,06,보건,96.793
2015,충청북도,06,보건,96.785
2015,충청남도,06,보건,96.723
2015,전라북도,06,보건,96.331
2015,전라남도,06,보건,96.71
2015,경상북도,06,보건,96.705
2015,경상남도,06,보건,97.092
2015,제주특별자치도,06,보건,96.125
2016,전국,06,보건,97.247
2016,서울특별시,06,보건,96.9
2016,부산광역시,06,보건,97.547
2016,대구광역시,06,보건,96.97
2016,인천광역시,06,보건,97.362
2016,광주광역시,06,보건,97.542
2016,대전광역시,06,보건,97.933
2016,울산광역시,06,보건,97.561
2016,세종특별자치시,06,보건,98.022
2016,경기도,06,보건,96.902
2016,강원도,06,보건,97.604
2016,충청북도,06,보건,97.688
2016,충청남도,06,보건,97.581
2016,전라북도,06,보건,97.173
2016,전라남도,06,보건,97.572
2016,경상북도,06,보건,97.763
2016,경상남도,06,보건,98.038
2016,제주특별자치도,06,보건,97.228
2017,전국,06,보건,98.109
2017,서울특별시,06,보건,97.786
2017,부산광역시,06,보건,98.538
2017,대구광역시,06,보건,97.648
2017,인천광역시,06,보건,98.073
2017,광주광역시,06,보건,98.307
2017,대전광역시,06,보건,98.434
2017,울산광역시,06,보건,98.432
2017,세종특별자치시,06,보건,98.734
2017,경기도,06,보건,97.826
2017,강원도,06,보건,98.564
2017,충청북도,06,보건,98.648
2017,충청남도,06,보건,98.489
2017,전라북도,06,보건,97.922
2017,전라남도,06,보건,98.494
2017,경상북도,06,보건,98.688
2017,경상남도,06,보건,98.884
2017,제주특별자치도,06,보건,97.947
2018,전국,06,보건,98.058
2018,서울특별시,06,보건,97.844
2018,부산광역시,06,보건,98.259
2018,대구광역시,06,보건,97.838
2018,인천광역시,06,보건,97.715
2018,광주광역시,06,보건,98.208
2018,대전광역시,06,보건,98.505
2018,울산광역시,06,보건,98.31
2018,세종특별자치시,06,보건,98.376
2018,경기도,06,보건,97.977
2018,강원도,06,보건,98.342
2018,충청북도,06,보건,98.435
2018,충청남도,06,보건,98.128
2018,전라북도,06,보건,97.986
2018,전라남도,06,보건,98.322
2018,경상북도,06,보건,98.504
2018,경상남도,06,보건,98.535
2018,제주특별자치도,06,보건,97.861
2019,전국,06,보건,98.516
2019,서울특별시,06,보건,98.453
2019,부산광역시,06,보건,98.599
2019,대구광역시,06,보건,98.316
2019,인천광역시,06,보건,98.346
2019,광주광역시,06,보건,98.465
2019,대전광역시,06,보건,99.036
2019,울산광역시,06,보건,98.698
2019,세종특별자치시,06,보건,98.82
2019,경기도,06,보건,98.425
2019,강원도,06,보건,98.679
2019,충청북도,06,보건,98.708
2019,충청남도,06,보건,98.693
2019,전라북도,06,보건,98.423
2019,전라남도,06,보건,98.743
2019,경상북도,06,보건,98.841
2019,경상남도,06,보건,98.679
2019,제주특별자치도,06,보건,98.225
2020,전국,06,보건,100.0
2020,서울특별시,06,보건,100.0
2020,부산광역시,06,보건,100.0
2020,대구광역시,06,보건,100.0
2020,인천광역시,06,보건,100.0
2020,광주광역시,06,보건,100.0
2020,대전광역시,06,보건,100.0
2020,울산광역시,06,보건,100.0
2020,세종특별자치시,06,보건,100.0
2020,경기도,06,보건,100.0
2020,강원도,06,보건,100.0
2020,충청북도,06,보건,100.0
2020,충청남도,06,보건,100.0
2020,전라북도,06,보건,100.0
2020,전라남도,06,보건,100.0
2020,경상북도,06,보건,100.0
2020,경상남도,06,보건,100.0
2020,제주특별자치도,06,보건,100.0
2021,전국,06,보건,99.92
2021,서울특별시,06,보건,99.78
2021,부산광역시,06,보건,99.75
2021,대구광역시,06,보건,100.1
2021,인천광역시,06,보건,100.23
2021,광주광역시,06,보건,99.91
2021,대전광역시,06,보건,99.57
2021,울산광역시,06,보건,100.1
2021,세종특별자치시,06,보건,99.48
2021,경기도,06,보건,99.89
2021,강원도,06,보건,99.89
2021,충청북도,06,보건,100.22
2021,충청남도,06,보건,99.59
2021,전라북도,06,보건,99.94
2021,전라남도,06,보건,99.85
2021,경상북도,06,보건,100.12
2021,경상남도,06,보건,100.02
2021,제주특별자치도,06,보건,100.4
2012,전국,07,교통,110.852
2012,서울특별시,07,교통,104.921
2012,부산광역시,07,교통,108.239
2012,대구광역시,07,교통,116.244
2012,인천광역시,07,교통,109.196
2012,광주광역시,07,교통,114.018
2012,대전광역시,07,교통,114.95
2012,울산광역시,07,교통,113.05
2012,세종특별자치시,07,교통,0.0
2012,경기도,07,교통,110.925
2012,강원도,07,교통,112.257
2012,충청북도,07,교통,112.948
2012,충청남도,07,교통,113.133
2012,전라북도,07,교통,116.766
2012,전라남도,07,교통,113.25
2012,경상북도,07,교통,118.073
2012,경상남도,07,교통,113.782
2012,제주특별자치도,07,교통,110.156
2013,전국,07,교통,110.267
2013,서울특별시,07,교통,104.687
2013,부산광역시,07,교통,108.097
2013,대구광역시,07,교통,115.179
2013,인천광역시,07,교통,108.928
2013,광주광역시,07,교통,113.333
2013,대전광역시,07,교통,113.885
2013,울산광역시,07,교통,112.268
2013,세종특별자치시,07,교통,0.0
2013,경기도,07,교통,110.089
2013,강원도,07,교통,111.645
2013,충청북도,07,교통,112.181
2013,충청남도,07,교통,112.855
2013,전라북도,07,교통,115.808
2013,전라남도,07,교통,113.32
2013,경상북도,07,교통,116.722
2013,경상남도,07,교통,113.142
2013,제주특별자치도,07,교통,110.094
2014,전국,07,교통,108.496
2014,서울특별시,07,교통,103.445
2014,부산광역시,07,교통,107.918
2014,대구광역시,07,교통,112.506
2014,인천광역시,07,교통,107.489
2014,광주광역시,07,교통,111.091
2014,대전광역시,07,교통,111.147
2014,울산광역시,07,교통,110.14
2014,세종특별자치시,07,교통,0.0
2014,경기도,07,교통,107.944
2014,강원도,07,교통,109.601
2014,충청북도,07,교통,110.96
2014,충청남도,07,교통,111.394
2014,전라북도,07,교통,113.541
2014,전라남도,07,교통,111.697
2014,경상북도,07,교통,114.068
2014,경상남도,07,교통,110.934
2014,제주특별자치도,07,교통,108.837
2015,전국,07,교통,99.99
2015,서울특별시,07,교통,98.352
2015,부산광역시,07,교통,100.108
2015,대구광역시,07,교통,101.435
2015,인천광역시,07,교통,100.192
2015,광주광역시,07,교통,100.795
2015,대전광역시,07,교통,101.315
2015,울산광역시,07,교통,100.79
2015,세종특별자치시,07,교통,101.49
2015,경기도,07,교통,99.302
2015,강원도,07,교통,99.757
2015,충청북도,07,교통,100.726
2015,충청남도,07,교통,101.486
2015,전라북도,07,교통,101.989
2015,전라남도,07,교통,101.042
2015,경상북도,07,교통,102.216
2015,경상남도,07,교통,100.289
2015,제주특별자치도,07,교통,100.508
2016,전국,07,교통,97.775
2016,서울특별시,07,교통,97.919
2016,부산광역시,07,교통,97.248
2016,대구광역시,07,교통,97.575
2016,인천광역시,07,교통,98.144
2016,광주광역시,07,교통,98.001
2016,대전광역시,07,교통,98.909
2016,울산광역시,07,교통,98.481
2016,세종특별자치시,07,교통,98.568
2016,경기도,07,교통,97.342
2016,강원도,07,교통,97.109
2016,충청북도,07,교통,96.959
2016,충청남도,07,교통,98.27
2016,전라북도,07,교통,98.225
2016,전라남도,07,교통,97.414
2016,경상북도,07,교통,99.052
2016,경상남도,07,교통,97.77
2016,제주특별자치도,07,교통,97.837
2017,전국,07,교통,101.277
2017,서울특별시,07,교통,100.507
2017,부산광역시,07,교통,100.964
2017,대구광역시,07,교통,103.106
2017,인천광역시,07,교통,101.614
2017,광주광역시,07,교통,102.024
2017,대전광역시,07,교통,102.358
2017,울산광역시,07,교통,101.835
2017,세종특별자치시,07,교통,102.204
2017,경기도,07,교통,100.645
2017,강원도,07,교통,100.349
2017,충청북도,07,교통,100.914
2017,충청남도,07,교통,101.65
2017,전라북도,07,교통,102.744
2017,전라남도,07,교통,101.967
2017,경상북도,07,교통,103.125
2017,경상남도,07,교통,101.049
2017,제주특별자치도,07,교통,101.952
2018,전국,07,교통,103.727
2018,서울특별시,07,교통,102.201
2018,부산광역시,07,교통,104.091
2018,대구광역시,07,교통,106.501
2018,인천광역시,07,교통,103.71
2018,광주광역시,07,교통,104.744
2018,대전광역시,07,교통,104.577
2018,울산광역시,07,교통,103.977
2018,세종특별자치시,07,교통,104.434
2018,경기도,07,교통,103.134
2018,강원도,07,교통,102.577
2018,충청북도,07,교통,103.803
2018,충청남도,07,교통,104.142
2018,전라북도,07,교통,106.079
2018,전라남도,07,교통,104.356
2018,경상북도,07,교통,106.295
2018,경상남도,07,교통,104.091
2018,제주특별자치도,07,교통,103.452
2019,전국,07,교통,101.867
2019,서울특별시,07,교통,101.522
2019,부산광역시,07,교통,102.114
2019,대구광역시,07,교통,103.697
2019,인천광역시,07,교통,101.687
2019,광주광역시,07,교통,102.458
2019,대전광역시,07,교통,102.367
2019,울산광역시,07,교통,101.85
2019,세종특별자치시,07,교통,101.796
2019,경기도,07,교통,101.277
2019,강원도,07,교통,101.702
2019,충청북도,07,교통,101.819
2019,충청남도,07,교통,101.784
2019,전라북도,07,교통,103.096
2019,전라남도,07,교통,102.024
2019,경상북도,07,교통,103.289
2019,경상남도,07,교통,101.669
2019,제주특별자치도,07,교통,101.981
2020,전국,07,교통,100.0
2020,서울특별시,07,교통,100.0
2020,부산광역시,07,교통,100.0
2020,대구광역시,07,교통,100.0
2020,인천광역시,07,교통,100.0
2020,광주광역시,07,교통,100.0
2020,대전광역시,07,교통,100.0
2020,울산광역시,07,교통,100.0
2020,세종특별자치시,07,교통,100.0
2020,경기도,07,교통,100.0
2020,강원도,07,교통,100.0
2020,충청북도,07,교통,100.0
2020,충청남도,07,교통,100.0
2020,전라북도,07,교통,100.0
2020,전라남도,07,교통,100.0
2020,경상북도,07,교통,100.0
2020,경상남도,07,교통,100.0
2020,제주특별자치도,07,교통,100.0
2021,전국,07,교통,106.33
2021,서울특별시,07,교통,104.64
2021,부산광역시,07,교통,106.01
2021,대구광역시,07,교통,107.26
2021,인천광역시,07,교통,106.6
2021,광주광역시,07,교통,106.18
2021,대전광역시,07,교통,106.82
2021,울산광역시,07,교통,104.98
2021,세종특별자치시,07,교통,106.61
2021,경기도,07,교통,106.24
2021,강원도,07,교통,107.9
2021,충청북도,07,교통,106.07
2021,충청남도,07,교통,107.32
2021,전라북도,07,교통,106.78
2021,전라남도,07,교통,107.46
2021,경상북도,07,교통,108.42
2021,경상남도,07,교통,107.25
2021,제주특별자치도,07,교통,105.77
2012,전국,08,통신,105.419
2012,서울특별시,08,통신,105.181
2012,부산광역시,08,통신,105.597
2012,대구광역시,08,통신,105.472
2012,인천광역시,08,통신,105.34
2012,광주광역시,08,통신,105.627
2012,대전광역시,08,통신,105.499
2012,울산광역시,08,통신,104.971
2012,세종특별자치시,08,통신,0.0
2012,경기도,08,통신,105.475
2012,강원도,08,통신,105.519
2012,충청북도,08,통신,105.505
2012,충청남도,08,통신,105.531
2012,전라북도,08,통신,105.595
2012,전라남도,08,통신,105.446
2012,경상북도,08,통신,105.464
2012,경상남도,08,통신,104.969
2012,제주특별자치도,08,통신,105.857
2013,전국,08,통신,105.282
2013,서울특별시,08,통신,105.095
2013,부산광역시,08,통신,105.434
2013,대구광역시,08,통신,105.282
2013,인천광역시,08,통신,105.197
2013,광주광역시,08,통신,105.47
2013,대전광역시,08,통신,105.394
2013,울산광역시,08,통신,104.894
2013,세종특별자치시,08,통신,0.0
2013,경기도,08,통신,105.312
2013,강원도,08,통신,105.38
2013,충청북도,08,통신,105.395
2013,충청남도,08,통신,105.354
2013,전라북도,08,통신,105.399
2013,전라남도,08,통신,105.341
2013,경상북도,08,통신,105.32
2013,경상남도,08,통신,104.919
2013,제주특별자치도,08,통신,105.558
2014,전국,08,통신,105.217
2014,서울특별시,08,통신,105.096
2014,부산광역시,08,통신,105.324
2014,대구광역시,08,통신,105.161
2014,인천광역시,08,통신,105.116
2014,광주광역시,08,통신,105.369
2014,대전광역시,08,통신,105.369
2014,울산광역시,08,통신,104.901
2014,세종특별자치시,08,통신,0.0
2014,경기도,08,통신,105.216
2014,강원도,08,통신,105.253
2014,충청북도,08,통신,105.38
2014,충청남도,08,통신,105.267
2014,전라북도,08,통신,105.312
2014,전라남도,08,통신,105.321
2014,경상북도,08,통신,105.26
2014,경상남도,08,통신,104.927
2014,제주특별자치도,08,통신,105.333
2015,전국,08,통신,105.017
2015,서울특별시,08,통신,104.999
2015,부산광역시,08,통신,105.06
2015,대구광역시,08,통신,104.892
2015,인천광역시,08,통신,104.908
2015,광주광역시,08,통신,105.112
2015,대전광역시,08,통신,105.23
2015,울산광역시,08,통신,104.824
2015,세종특별자치시,08,통신,105.192
2015,경기도,08,통신,104.983
2015,강원도,08,통신,104.951
2015,충청북도,08,통신,105.244
2015,충청남도,08,통신,105.018
2015,전라북도,08,통신,105.058
2015,전라남도,08,통신,105.12
2015,경상북도,08,통신,105.065
2015,경상남도,08,통신,104.826
2015,제주특별자치도,08,통신,104.905
2016,전국,08,통신,105.105
2016,서울특별시,08,통신,105.091
2016,부산광역시,08,통신,105.146
2016,대구광역시,08,통신,104.98
2016,인천광역시,08,통신,104.998
2016,광주광역시,08,통신,105.192
2016,대전광역시,08,통신,105.311
2016,울산광역시,08,통신,104.922
2016,세종특별자치시,08,통신,105.275
2016,경기도,08,통신,105.066
2016,강원도,08,통신,105.046
2016,충청북도,08,통신,105.318
2016,충청남도,08,통신,105.103
2016,전라북도,08,통신,105.156
2016,전라남도,08,통신,105.206
2016,경상북도,08,통신,105.154
2016,경상남도,08,통신,104.921
2016,제주특별자치도,08,통신,105.0
2017,전국,08,통신,105.41
2017,서울특별시,08,통신,105.429
2017,부산광역시,08,통신,105.425
2017,대구광역시,08,통신,105.281
2017,인천광역시,08,통신,105.334
2017,광주광역시,08,통신,105.46
2017,대전광역시,08,통신,105.589
2017,울산광역시,08,통신,105.26
2017,세종특별자치시,08,통신,105.559
2017,경기도,08,통신,105.351
2017,강원도,08,통신,105.422
2017,충청북도,08,통신,105.549
2017,충청남도,08,통신,105.392
2017,전라북도,08,통신,105.512
2017,전라남도,08,통신,105.512
2017,경상북도,08,통신,105.476
2017,경상남도,08,통신,105.254
2017,제주특별자치도,08,통신,105.35
2018,전국,08,통신,104.507
2018,서울특별시,08,통신,104.518
2018,부산광역시,08,통신,104.517
2018,대구광역시,08,통신,104.414
2018,인천광역시,08,통신,104.453
2018,광주광역시,08,통신,104.54
2018,대전광역시,08,통신,104.633
2018,울산광역시,08,통신,104.398
2018,세종특별자치시,08,통신,104.614
2018,경기도,08,통신,104.461
2018,강원도,08,통신,104.519
2018,충청북도,08,통신,104.604
2018,충청남도,08,통신,104.493
2018,전라북도,08,통신,104.583
2018,전라남도,08,통신,104.58
2018,경상북도,08,통신,104.558
2018,경상남도,08,통신,104.395
2018,제주특별자치도,08,통신,104.454
2019,전국,08,통신,102.112
2019,서울특별시,08,통신,102.123
2019,부산광역시,08,통신,102.118
2019,대구광역시,08,통신,102.06
2019,인천광역시,08,통신,102.075
2019,광주광역시,08,통신,102.136
2019,대전광역시,08,통신,102.195
2019,울산광역시,08,통신,102.042
2019,세종특별자치시,08,통신,102.181
2019,경기도,08,통신,102.093
2019,강원도,08,통신,102.122
2019,충청북도,08,통신,102.176
2019,충청남도,08,통신,102.102
2019,전라북도,08,통신,102.162
2019,전라남도,08,통신,102.157
2019,경상북도,08,통신,102.146
2019,경상남도,08,통신,102.041
2019,제주특별자치도,08,통신,102.095
2020,전국,08,통신,100.0
2020,서울특별시,08,통신,100.0
2020,부산광역시,08,통신,100.0
2020,대구광역시,08,통신,100.0
2020,인천광역시,08,통신,100.0
2020,광주광역시,08,통신,100.0
2020,대전광역시,08,통신,100.0
2020,울산광역시,08,통신,100.0
2020,세종특별자치시,08,통신,100.0
2020,경기도,08,통신,100.0
2020,강원도,08,통신,100.0
2020,충청북도,08,통신,100.0
2020,충청남도,08,통신,100.0
2020,전라북도,08,통신,100.0
2020,전라남도,08,통신,100.0
2020,경상북도,08,통신,100.0
2020,경상남도,08,통신,100.0
2020,제주특별자치도,08,통신,100.0
2021,전국,08,통신,99.1
2021,서울특별시,08,통신,99.19
2021,부산광역시,08,통신,99.18
2021,대구광역시,08,통신,98.99
2021,인천광역시,08,통신,98.95
2021,광주광역시,08,통신,98.88
2021,대전광역시,08,통신,99.69
2021,울산광역시,08,통신,98.92
2021,세종특별자치시,08,통신,99.45
2021,경기도,08,통신,99.16
2021,강원도,08,통신,98.96
2021,충청북도,08,통신,99.38
2021,충청남도,08,통신,99.15
2021,전라북도,08,통신,98.76
2021,전라남도,08,통신,98.85
2021,경상북도,08,통신,99.26
2021,경상남도,08,통신,98.77
2021,제주특별자치도,08,통신,98.76
2012,전국,09,오락 및 문화,97.964
2012,서울특별시,09,오락 및 문화,99.031
2012,부산광역시,09,오락 및 문화,97.638
2012,대구광역시,09,오락 및 문화,96.676
2012,인천광역시,09,오락 및 문화,98.375
2012,광주광역시,09,오락 및 문화,96.217
2012,대전광역시,09,오락 및 문화,97.906
2012,울산광역시,09,오락 및 문화,98.096
2012,세종특별자치시,09,오락 및 문화,0.0
2012,경기도,09,오락 및 문화,98.205
2012,강원도,09,오락 및 문화,97.361
2012,충청북도,09,오락 및 문화,97.289
2012,충청남도,09,오락 및 문화,99.464
2012,전라북도,09,오락 및 문화,97.638
2012,전라남도,09,오락 및 문화,98.876
2012,경상북도,09,오락 및 문화,96.485
2012,경상남도,09,오락 및 문화,96.061
2012,제주특별자치도,09,오락 및 문화,97.406
2013,전국,09,오락 및 문화,98.968
2013,서울특별시,09,오락 및 문화,100.041
2013,부산광역시,09,오락 및 문화,98.88
2013,대구광역시,09,오락 및 문화,97.809
2013,인천광역시,09,오락 및 문화,99.181
2013,광주광역시,09,오락 및 문화,97.39
2013,대전광역시,09,오락 및 문화,98.529
2013,울산광역시,09,오락 및 문화,99.043
2013,세종특별자치시,09,오락 및 문화,0.0
2013,경기도,09,오락 및 문화,99.187
2013,강원도,09,오락 및 문화,98.528
2013,충청북도,09,오락 및 문화,98.557
2013,충청남도,09,오락 및 문화,100.206
2013,전라북도,09,오락 및 문화,98.509
2013,전라남도,09,오락 및 문화,99.592
2013,경상북도,09,오락 및 문화,97.388
2013,경상남도,09,오락 및 문화,97.176
2013,제주특별자치도,09,오락 및 문화,98.073
2014,전국,09,오락 및 문화,99.392
2014,서울특별시,09,오락 및 문화,100.362
2014,부산광역시,09,오락 및 문화,99.194
2014,대구광역시,09,오락 및 문화,98.279
2014,인천광역시,09,오락 및 문화,99.728
2014,광주광역시,09,오락 및 문화,98.093
2014,대전광역시,09,오락 및 문화,98.971
2014,울산광역시,09,오락 및 문화,99.183
2014,세종특별자치시,09,오락 및 문화,0.0
2014,경기도,09,오락 및 문화,99.739
2014,강원도,09,오락 및 문화,98.602
2014,충청북도,09,오락 및 문화,98.73
2014,충청남도,09,오락 및 문화,99.894
2014,전라북도,09,오락 및 문화,98.809
2014,전라남도,09,오락 및 문화,99.691
2014,경상북도,09,오락 및 문화,98.125
2014,경상남도,09,오락 및 문화,98.013
2014,제주특별자치도,09,오락 및 문화,98.323
2015,전국,09,오락 및 문화,98.906
2015,서울특별시,09,오락 및 문화,99.421
2015,부산광역시,09,오락 및 문화,98.96
2015,대구광역시,09,오락 및 문화,98.082
2015,인천광역시,09,오락 및 문화,98.869
2015,광주광역시,09,오락 및 문화,98.459
2015,대전광역시,09,오락 및 문화,98.86
2015,울산광역시,09,오락 및 문화,98.774
2015,세종특별자치시,09,오락 및 문화,98.393
2015,경기도,09,오락 및 문화,99.339
2015,강원도,09,오락 및 문화,97.795
2015,충청북도,09,오락 및 문화,98.259
2015,충청남도,09,오락 및 문화,99.055
2015,전라북도,09,오락 및 문화,98.382
2015,전라남도,09,오락 및 문화,99.106
2015,경상북도,09,오락 및 문화,98.277
2015,경상남도,09,오락 및 문화,97.792
2015,제주특별자치도,09,오락 및 문화,97.931
2016,전국,09,오락 및 문화,100.729
2016,서울특별시,09,오락 및 문화,101.361
2016,부산광역시,09,오락 및 문화,100.611
2016,대구광역시,09,오락 및 문화,100.105
2016,인천광역시,09,오락 및 문화,100.748
2016,광주광역시,09,오락 및 문화,99.956
2016,대전광역시,09,오락 및 문화,100.581
2016,울산광역시,09,오락 및 문화,100.536
2016,세종특별자치시,09,오락 및 문화,100.349
2016,경기도,09,오락 및 문화,101.035
2016,강원도,09,오락 및 문화,99.818
2016,충청북도,09,오락 및 문화,100.246
2016,충청남도,09,오락 및 문화,100.724
2016,전라북도,09,오락 및 문화,100.117
2016,전라남도,09,오락 및 문화,100.826
2016,경상북도,09,오락 및 문화,100.24
2016,경상남도,09,오락 및 문화,99.539
2016,제주특별자치도,09,오락 및 문화,100.073
2017,전국,09,오락 및 문화,100.781
2017,서울특별시,09,오락 및 문화,101.441
2017,부산광역시,09,오락 및 문화,100.648
2017,대구광역시,09,오락 및 문화,100.557
2017,인천광역시,09,오락 및 문화,100.358
2017,광주광역시,09,오락 및 문화,100.133
2017,대전광역시,09,오락 및 문화,100.924
2017,울산광역시,09,오락 및 문화,100.422
2017,세종특별자치시,09,오락 및 문화,100.886
2017,경기도,09,오락 및 문화,101.038
2017,강원도,09,오락 및 문화,99.921
2017,충청북도,09,오락 및 문화,100.43
2017,충청남도,09,오락 및 문화,100.675
2017,전라북도,09,오락 및 문화,100.169
2017,전라남도,09,오락 및 문화,100.689
2017,경상북도,09,오락 및 문화,100.346
2017,경상남도,09,오락 및 문화,99.875
2017,제주특별자치도,09,오락 및 문화,100.378
2018,전국,09,오락 및 문화,101.272
2018,서울특별시,09,오락 및 문화,101.84
2018,부산광역시,09,오락 및 문화,101.235
2018,대구광역시,09,오락 및 문화,101.155
2018,인천광역시,09,오락 및 문화,100.945
2018,광주광역시,09,오락 및 문화,100.547
2018,대전광역시,09,오락 및 문화,101.237
2018,울산광역시,09,오락 및 문화,101.211
2018,세종특별자치시,09,오락 및 문화,101.134
2018,경기도,09,오락 및 문화,101.431
2018,강원도,09,오락 및 문화,100.631
2018,충청북도,09,오락 및 문화,100.916
2018,충청남도,09,오락 및 문화,101.204
2018,전라북도,09,오락 및 문화,100.76
2018,전라남도,09,오락 및 문화,101.293
2018,경상북도,09,오락 및 문화,100.858
2018,경상남도,09,오락 및 문화,100.427
2018,제주특별자치도,09,오락 및 문화,100.86
2019,전국,09,오락 및 문화,101.023
2019,서울특별시,09,오락 및 문화,101.382
2019,부산광역시,09,오락 및 문화,101.088
2019,대구광역시,09,오락 및 문화,101.036
2019,인천광역시,09,오락 및 문화,100.682
2019,광주광역시,09,오락 및 문화,100.621
2019,대전광역시,09,오락 및 문화,101.041
2019,울산광역시,09,오락 및 문화,101.033
2019,세종특별자치시,09,오락 및 문화,101.008
2019,경기도,09,오락 및 문화,101.085
2019,강원도,09,오락 및 문화,100.733
2019,충청북도,09,오락 및 문화,100.827
2019,충청남도,09,오락 및 문화,100.654
2019,전라북도,09,오락 및 문화,100.635
2019,전라남도,09,오락 및 문화,101.01
2019,경상북도,09,오락 및 문화,100.939
2019,경상남도,09,오락 및 문화,100.517
2019,제주특별자치도,09,오락 및 문화,100.324
2020,전국,09,오락 및 문화,100.0
2020,서울특별시,09,오락 및 문화,100.0
2020,부산광역시,09,오락 및 문화,100.0
2020,대구광역시,09,오락 및 문화,100.0
2020,인천광역시,09,오락 및 문화,100.0
2020,광주광역시,09,오락 및 문화,100.0
2020,대전광역시,09,오락 및 문화,100.0
2020,울산광역시,09,오락 및 문화,100.0
2020,세종특별자치시,09,오락 및 문화,100.0
2020,경기도,09,오락 및 문화,100.0
2020,강원도,09,오락 및 문화,100.0
2020,충청북도,09,오락 및 문화,100.0
2020,충청남도,09,오락 및 문화,100.0
2020,전라북도,09,오락 및 문화,100.0
2020,전라남도,09,오락 및 문화,100.0
2020,경상북도,09,오락 및 문화,100.0
2020,경상남도,09,오락 및 문화,100.0
2020,제주특별자치도,09,오락 및 문화,100.0
2021,전국,09,오락 및 문화,100.43
2021,서울특별시,09,오락 및 문화,100.42
2021,부산광역시,09,오락 및 문화,100.52
2021,대구광역시,09,오락 및 문화,100.86
2021,인천광역시,09,오락 및 문화,100.04
2021,광주광역시,09,오락 및 문화,100.44
2021,대전광역시,09,오락 및 문화,100.38
2021,울산광역시,09,오락 및 문화,100.27
2021,세종특별자치시,09,오락 및 문화,100.41
2021,경기도,09,오락 및 문화,100.39
2021,강원도,09,오락 및 문화,100.41
2021,충청북도,09,오락 및 문화,100.31
2021,충청남도,09,오락 및 문화,100.5
2021,전라북도,09,오락 및 문화,100.47
2021,전라남도,09,오락 및 문화,100.73
2021,경상북도,09,오락 및 문화,100.48
2021,경상남도,09,오락 및 문화,100.63
2021,제주특별자치도,09,오락 및 문화,100.41
2012,전국,10,교육,93.406
2012,서울특별시,10,교육,92.197
2012,부산광역시,10,교육,92.692
2012,대구광역시,10,교육,92.534
2012,인천광역시,10,교육,95.477
2012,광주광역시,10,교육,94.939
2012,대전광역시,10,교육,95.779
2012,울산광역시,10,교육,96.097
2012,세종특별자치시,10,교육,0.0
2012,경기도,10,교육,92.588
2012,강원도,10,교육,95.519
2012,충청북도,10,교육,96.12
2012,충청남도,10,교육,98.009
2012,전라북도,10,교육,95.177
2012,전라남도,10,교육,94.186
2012,경상북도,10,교육,93.087
2012,경상남도,10,교육,94.732
2012,제주특별자치도,10,교육,91.166
2013,전국,10,교육,94.504
2013,서울특별시,10,교육,93.028
2013,부산광역시,10,교육,93.725
2013,대구광역시,10,교육,94.959
2013,인천광역시,10,교육,95.344
2013,광주광역시,10,교육,97.768
2013,대전광역시,10,교육,96.381
2013,울산광역시,10,교육,97.182
2013,세종특별자치시,10,교육,0.0
2013,경기도,10,교육,93.754
2013,강원도,10,교육,96.38
2013,충청북도,10,교육,96.391
2013,충청남도,10,교육,98.958
2013,전라북도,10,교육,96.513
2013,전라남도,10,교육,96.063
2013,경상북도,10,교육,94.267
2013,경상남도,10,교육,95.545
2013,제주특별자치도,10,교육,94.213
2014,전국,10,교육,95.893
2014,서울특별시,10,교육,94.891
2014,부산광역시,10,교육,95.62
2014,대구광역시,10,교육,95.917
2014,인천광역시,10,교육,96.598
2014,광주광역시,10,교육,99.23
2014,대전광역시,10,교육,96.798
2014,울산광역시,10,교육,98.04
2014,세종특별자치시,10,교육,0.0
2014,경기도,10,교육,95.053
2014,강원도,10,교육,97.233
2014,충청북도,10,교육,97.332
2014,충청남도,10,교육,99.541
2014,전라북도,10,교육,97.811
2014,전라남도,10,교육,97.284
2014,경상북도,10,교육,95.103
2014,경상남도,10,교육,97.346
2014,제주특별자치도,10,교육,95.332
2015,전국,10,교육,97.54
2015,서울특별시,10,교육,96.884
2015,부산광역시,10,교육,97.69
2015,대구광역시,10,교육,96.884
2015,인천광역시,10,교육,98.182
2015,광주광역시,10,교육,100.497
2015,대전광역시,10,교육,98.519
2015,울산광역시,10,교육,99.711
2015,세종특별자치시,10,교육,102.192
2015,경기도,10,교육,96.685
2015,강원도,10,교육,98.673
2015,충청북도,10,교육,98.219
2015,충청남도,10,교육,100.583
2015,전라북도,10,교육,99.169
2015,전라남도,10,교육,98.782
2015,경상북도,10,교육,96.761
2015,경상남도,10,교육,98.972
2015,제주특별자치도,10,교육,95.908
2016,전국,10,교육,99.135
2016,서울특별시,10,교육,98.509
2016,부산광역시,10,교육,100.014
2016,대구광역시,10,교육,98.692
2016,인천광역시,10,교육,99.736
2016,광주광역시,10,교육,101.538
2016,대전광역시,10,교육,99.65
2016,울산광역시,10,교육,101.502
2016,세종특별자치시,10,교육,102.591
2016,경기도,10,교육,98.161
2016,강원도,10,교육,99.979
2016,충청북도,10,교육,99.249
2016,충청남도,10,교육,102.948
2016,전라북도,10,교육,100.006
2016,전라남도,10,교육,101.5
2016,경상북도,10,교육,98.627
2016,경상남도,10,교육,100.219
2016,제주특별자치도,10,교육,96.776
2017,전국,10,교육,100.272
2017,서울특별시,10,교육,99.842
2017,부산광역시,10,교육,100.886
2017,대구광역시,10,교육,100.471
2017,인천광역시,10,교육,100.49
2017,광주광역시,10,교육,102.858
2017,대전광역시,10,교육,100.484
2017,울산광역시,10,교육,102.74
2017,세종특별자치시,10,교육,103.334
2017,경기도,10,교육,99.27
2017,강원도,10,교육,101.004
2017,충청북도,10,교육,100.209
2017,충청남도,10,교육,103.972
2017,전라북도,10,교육,100.85
2017,전라남도,10,교육,102.714
2017,경상북도,10,교육,99.959
2017,경상남도,10,교육,100.984
2017,제주특별자치도,10,교육,97.282
2018,전국,10,교육,101.645
2018,서울특별시,10,교육,101.295
2018,부산광역시,10,교육,102.278
2018,대구광역시,10,교육,101.612
2018,인천광역시,10,교육,101.375
2018,광주광역시,10,교육,103.688
2018,대전광역시,10,교육,101.993
2018,울산광역시,10,교육,103.487
2018,세종특별자치시,10,교육,103.8
2018,경기도,10,교육,100.927
2018,강원도,10,교육,102.154
2018,충청북도,10,교육,101.324
2018,충청남도,10,교육,104.904
2018,전라북도,10,교육,102.089
2018,전라남도,10,교육,104.352
2018,경상북도,10,교육,101.401
2018,경상남도,10,교육,102.307
2018,제주특별자치도,10,교육,98.44
2019,전국,10,교육,102.178
2019,서울특별시,10,교육,101.923
2019,부산광역시,10,교육,103.662
2019,대구광역시,10,교육,102.482
2019,인천광역시,10,교육,100.846
2019,광주광역시,10,교육,103.77
2019,대전광역시,10,교육,102.993
2019,울산광역시,10,교육,103.594
2019,세종특별자치시,10,교육,104.273
2019,경기도,10,교육,101.756
2019,강원도,10,교육,102.852
2019,충청북도,10,교육,102.002
2019,충청남도,10,교육,101.303
2019,전라북도,10,교육,102.558
2019,전라남도,10,교육,103.569
2019,경상북도,10,교육,102.618
2019,경상남도,10,교육,102.593
2019,제주특별자치도,10,교육,100.184
2020,전국,10,교육,100.0
2020,서울특별시,10,교육,100.0
2020,부산광역시,10,교육,100.0
2020,대구광역시,10,교육,100.0
2020,인천광역시,10,교육,100.0
2020,광주광역시,10,교육,100.0
2020,대전광역시,10,교육,100.0
2020,울산광역시,10,교육,100.0
2020,세종특별자치시,10,교육,100.0
2020,경기도,10,교육,100.0
2020,강원도,10,교육,100.0
2020,충청북도,10,교육,100.0
2020,충청남도,10,교육,100.0
2020,전라북도,10,교육,100.0
2020,전라남도,10,교육,100.0
2020,경상북도,10,교육,100.0
2020,경상남도,10,교육,100.0
2020,제주특별자치도,10,교육,100.0
2021,전국,10,교육,100.87
2021,서울특별시,10,교육,101.09
2021,부산광역시,10,교육,101.86
2021,대구광역시,10,교육,101.7
2021,인천광역시,10,교육,101.32
2021,광주광역시,10,교육,101.38
2021,대전광역시,10,교육,100.34
2021,울산광역시,10,교육,99.99
2021,세종특별자치시,10,교육,100.48
2021,경기도,10,교육,100.82
2021,강원도,10,교육,99.72
2021,충청북도,10,교육,100.99
2021,충청남도,10,교육,99.68
2021,전라북도,10,교육,100.78
2021,전라남도,10,교육,100.45
2021,경상북도,10,교육,100.09
2021,경상남도,10,교육,100.76
2021,제주특별자치도,10,교육,99.36
2012,전국,11,음식 및 숙박,85.342
2012,서울특별시,11,음식 및 숙박,84.717
2012,부산광역시,11,음식 및 숙박,85.092
2012,대구광역시,11,음식 및 숙박,82.481
2012,인천광역시,11,음식 및 숙박,83.579
2012,광주광역시,11,음식 및 숙박,85.243
2012,대전광역시,11,음식 및 숙박,87.5
2012,울산광역시,11,음식 및 숙박,85.028
2012,세종특별자치시,11,음식 및 숙박,0.0
2012,경기도,11,음식 및 숙박,86.495
2012,강원도,11,음식 및 숙박,85.437
2012,충청북도,11,음식 및 숙박,85.945
2012,충청남도,11,음식 및 숙박,89.105
2012,전라북도,11,음식 및 숙박,85.254
2012,전라남도,11,음식 및 숙박,86.337
2012,경상북도,11,음식 및 숙박,86.614
2012,경상남도,11,음식 및 숙박,84.105
2012,제주특별자치도,11,음식 및 숙박,83.913
2013,전국,11,음식 및 숙박,86.666
2013,서울특별시,11,음식 및 숙박,85.79
2013,부산광역시,11,음식 및 숙박,86.082
2013,대구광역시,11,음식 및 숙박,84.673
2013,인천광역시,11,음식 및 숙박,85.189
2013,광주광역시,11,음식 및 숙박,85.471
2013,대전광역시,11,음식 및 숙박,89.166
2013,울산광역시,11,음식 및 숙박,87.993
2013,세종특별자치시,11,음식 및 숙박,0.0
2013,경기도,11,음식 및 숙박,87.42
2013,강원도,11,음식 및 숙박,85.635
2013,충청북도,11,음식 및 숙박,87.927
2013,충청남도,11,음식 및 숙박,91.383
2013,전라북도,11,음식 및 숙박,85.718
2013,전라남도,11,음식 및 숙박,87.523
2013,경상북도,11,음식 및 숙박,88.678
2013,경상남도,11,음식 및 숙박,86.349
2013,제주특별자치도,11,음식 및 숙박,85.429
2014,전국,11,음식 및 숙박,87.923
2014,서울특별시,11,음식 및 숙박,86.834
2014,부산광역시,11,음식 및 숙박,87.511
2014,대구광역시,11,음식 및 숙박,86.058
2014,인천광역시,11,음식 및 숙박,86.791
2014,광주광역시,11,음식 및 숙박,88.401
2014,대전광역시,11,음식 및 숙박,90.239
2014,울산광역시,11,음식 및 숙박,88.95
2014,세종특별자치시,11,음식 및 숙박,0.0
2014,경기도,11,음식 및 숙박,88.742
2014,강원도,11,음식 및 숙박,86.786
2014,충청북도,11,음식 및 숙박,89.266
2014,충청남도,11,음식 및 숙박,89.478
2014,전라북도,11,음식 및 숙박,87.313
2014,전라남도,11,음식 및 숙박,89.015
2014,경상북도,11,음식 및 숙박,89.743
2014,경상남도,11,음식 및 숙박,88.148
2014,제주특별자치도,11,음식 및 숙박,87.547
2015,전국,11,음식 및 숙박,89.974
2015,서울특별시,11,음식 및 숙박,89.255
2015,부산광역시,11,음식 및 숙박,89.334
2015,대구광역시,11,음식 및 숙박,87.92
2015,인천광역시,11,음식 및 숙박,88.809
2015,광주광역시,11,음식 및 숙박,89.699
2015,대전광역시,11,음식 및 숙박,92.261
2015,울산광역시,11,음식 및 숙박,91.347
2015,세종특별자치시,11,음식 및 숙박,90.55
2015,경기도,11,음식 및 숙박,90.436
2015,강원도,11,음식 및 숙박,88.397
2015,충청북도,11,음식 및 숙박,90.915
2015,충청남도,11,음식 및 숙박,90.895
2015,전라북도,11,음식 및 숙박,89.455
2015,전라남도,11,음식 및 숙박,90.614
2015,경상북도,11,음식 및 숙박,91.441
2015,경상남도,11,음식 및 숙박,91.952
2015,제주특별자치도,11,음식 및 숙박,89.377
2016,전국,11,음식 및 숙박,92.232
2016,서울특별시,11,음식 및 숙박,91.69
2016,부산광역시,11,음식 및 숙박,92.531
2016,대구광역시,11,음식 및 숙박,90.686
2016,인천광역시,11,음식 및 숙박,90.506
2016,광주광역시,11,음식 및 숙박,92.781
2016,대전광역시,11,음식 및 숙박,94.509
2016,울산광역시,11,음식 및 숙박,93.762
2016,세종특별자치시,11,음식 및 숙박,93.523
2016,경기도,11,음식 및 숙박,92.285
2016,강원도,11,음식 및 숙박,90.724
2016,충청북도,11,음식 및 숙박,92.7
2016,충청남도,11,음식 및 숙박,92.826
2016,전라북도,11,음식 및 숙박,91.697
2016,전라남도,11,음식 및 숙박,91.714
2016,경상북도,11,음식 및 숙박,93.274
2016,경상남도,11,음식 및 숙박,94.577
2016,제주특별자치도,11,음식 및 숙박,92.571
2017,전국,11,음식 및 숙박,94.441
2017,서울특별시,11,음식 및 숙박,93.944
2017,부산광역시,11,음식 및 숙박,94.428
2017,대구광역시,11,음식 및 숙박,92.939
2017,인천광역시,11,음식 및 숙박,93.242
2017,광주광역시,11,음식 및 숙박,94.729
2017,대전광역시,11,음식 및 숙박,95.843
2017,울산광역시,11,음식 및 숙박,96.449
2017,세종특별자치시,11,음식 및 숙박,95.03
2017,경기도,11,음식 및 숙박,94.58
2017,강원도,11,음식 및 숙박,93.423
2017,충청북도,11,음식 및 숙박,95.554
2017,충청남도,11,음식 및 숙박,95.1
2017,전라북도,11,음식 및 숙박,93.798
2017,전라남도,11,음식 및 숙박,93.311
2017,경상북도,11,음식 및 숙박,95.135
2017,경상남도,11,음식 및 숙박,96.424
2017,제주특별자치도,11,음식 및 숙박,95.519
2018,전국,11,음식 및 숙박,97.292
2018,서울특별시,11,음식 및 숙박,96.969
2018,부산광역시,11,음식 및 숙박,97.654
2018,대구광역시,11,음식 및 숙박,95.866
2018,인천광역시,11,음식 및 숙박,97.008
2018,광주광역시,11,음식 및 숙박,97.351
2018,대전광역시,11,음식 및 숙박,98.861
2018,울산광역시,11,음식 및 숙박,98.58
2018,세종특별자치시,11,음식 및 숙박,96.63
2018,경기도,11,음식 및 숙박,97.524
2018,강원도,11,음식 및 숙박,96.103
2018,충청북도,11,음식 및 숙박,98.352
2018,충청남도,11,음식 및 숙박,97.647
2018,전라북도,11,음식 및 숙박,96.547
2018,전라남도,11,음식 및 숙박,96.318
2018,경상북도,11,음식 및 숙박,97.236
2018,경상남도,11,음식 및 숙박,98.14
2018,제주특별자치도,11,음식 및 숙박,97.761
2019,전국,11,음식 및 숙박,99.061
2019,서울특별시,11,음식 및 숙박,99.064
2019,부산광역시,11,음식 및 숙박,99.467
2019,대구광역시,11,음식 및 숙박,98.99
2019,인천광역시,11,음식 및 숙박,98.604
2019,광주광역시,11,음식 및 숙박,98.472
2019,대전광역시,11,음식 및 숙박,99.21
2019,울산광역시,11,음식 및 숙박,99.132
2019,세종특별자치시,11,음식 및 숙박,98.471
2019,경기도,11,음식 및 숙박,99.296
2019,강원도,11,음식 및 숙박,98.743
2019,충청북도,11,음식 및 숙박,98.9
2019,충청남도,11,음식 및 숙박,99.144
2019,전라북도,11,음식 및 숙박,98.801
2019,전라남도,11,음식 및 숙박,98.38
2019,경상북도,11,음식 및 숙박,99.362
2019,경상남도,11,음식 및 숙박,98.763
2019,제주특별자치도,11,음식 및 숙박,98.832
2020,전국,11,음식 및 숙박,100.0
2020,서울특별시,11,음식 및 숙박,100.0
2020,부산광역시,11,음식 및 숙박,100.0
2020,대구광역시,11,음식 및 숙박,100.0
2020,인천광역시,11,음식 및 숙박,100.0
2020,광주광역시,11,음식 및 숙박,100.0
2020,대전광역시,11,음식 및 숙박,100.0
2020,울산광역시,11,음식 및 숙박,100.0
2020,세종특별자치시,11,음식 및 숙박,100.0
2020,경기도,11,음식 및 숙박,100.0
2020,강원도,11,음식 및 숙박,100.0
2020,충청북도,11,음식 및 숙박,100.0
2020,충청남도,11,음식 및 숙박,100.0
2020,전라북도,11,음식 및 숙박,100.0
2020,전라남도,11,음식 및 숙박,100.0
2020,경상북도,11,음식 및 숙박,100.0
2020,경상남도,11,음식 및 숙박,100.0
2020,제주특별자치도,11,음식 및 숙박,100.0
2021,전국,11,음식 및 숙박,102.73
2021,서울특별시,11,음식 및 숙박,102.73
2021,부산광역시,11,음식 및 숙박,103.01
2021,대구광역시,11,음식 및 숙박,102.58
2021,인천광역시,11,음식 및 숙박,102.36
2021,광주광역시,11,음식 및 숙박,103.16
2021,대전광역시,11,음식 및 숙박,102.66
2021,울산광역시,11,음식 및 숙박,102.91
2021,세종특별자치시,11,음식 및 숙박,102.17
2021,경기도,11,음식 및 숙박,102.75
2021,강원도,11,음식 및 숙박,102.31
2021,충청북도,11,음식 및 숙박,102.5
2021,충청남도,11,음식 및 숙박,102.5
2021,전라북도,11,음식 및 숙박,102.66
2021,전라남도,11,음식 및 숙박,102.65
2021,경상북도,11,음식 및 숙박,102.92
2021,경상남도,11,음식 및 숙박,102.87
2021,제주특별자치도,11,음식 및 숙박,102.96
2012,전국,12,기타 상품 및 서비스,84.908
2012,서울특별시,12,기타 상품 및 서비스,85.615
2012,부산광역시,12,기타 상품 및 서비스,83.519
2012,대구광역시,12,기타 상품 및 서비스,82.64
2012,인천광역시,12,기타 상품 및 서비스,84.625
2012,광주광역시,12,기타 상품 및 서비스,83.105
2012,대전광역시,12,기타 상품 및 서비스,84.467
2012,울산광역시,12,기타 상품 및 서비스,86.137
2012,세종특별자치시,12,기타 상품 및 서비스,0.0
2012,경기도,12,기타 상품 및 서비스,86.028
2012,강원도,12,기타 상품 및 서비스,83.949
2012,충청북도,12,기타 상품 및 서비스,84.333
2012,충청남도,12,기타 상품 및 서비스,86.163
2012,전라북도,12,기타 상품 및 서비스,84.81
2012,전라남도,12,기타 상품 및 서비스,82.72
2012,경상북도,12,기타 상품 및 서비스,86.306
2012,경상남도,12,기타 상품 및 서비스,83.525
2012,제주특별자치도,12,기타 상품 및 서비스,84.195
2013,전국,12,기타 상품 및 서비스,85.302
2013,서울특별시,12,기타 상품 및 서비스,85.782
2013,부산광역시,12,기타 상품 및 서비스,85.366
2013,대구광역시,12,기타 상품 및 서비스,84.21
2013,인천광역시,12,기타 상품 및 서비스,83.273
2013,광주광역시,12,기타 상품 및 서비스,83.791
2013,대전광역시,12,기타 상품 및 서비스,85.363
2013,울산광역시,12,기타 상품 및 서비스,86.536
2013,세종특별자치시,12,기타 상품 및 서비스,0.0
2013,경기도,12,기타 상품 및 서비스,85.811
2013,강원도,12,기타 상품 및 서비스,85.349
2013,충청북도,12,기타 상품 및 서비스,84.449
2013,충청남도,12,기타 상품 및 서비스,85.76
2013,전라북도,12,기타 상품 및 서비스,85.576
2013,전라남도,12,기타 상품 및 서비스,84.54
2013,경상북도,12,기타 상품 및 서비스,87.245
2013,경상남도,12,기타 상품 및 서비스,84.193
2013,제주특별자치도,12,기타 상품 및 서비스,83.635
2014,전국,12,기타 상품 및 서비스,87.932
2014,서울특별시,12,기타 상품 및 서비스,89.024
2014,부산광역시,12,기타 상품 및 서비스,88.333
2014,대구광역시,12,기타 상품 및 서비스,87.267
2014,인천광역시,12,기타 상품 및 서비스,86.146
2014,광주광역시,12,기타 상품 및 서비스,87.174
2014,대전광역시,12,기타 상품 및 서비스,87.597
2014,울산광역시,12,기타 상품 및 서비스,88.513
2014,세종특별자치시,12,기타 상품 및 서비스,0.0
2014,경기도,12,기타 상품 및 서비스,87.953
2014,강원도,12,기타 상품 및 서비스,87.453
2014,충청북도,12,기타 상품 및 서비스,87.207
2014,충청남도,12,기타 상품 및 서비스,88.13
2014,전라북도,12,기타 상품 및 서비스,87.77
2014,전라남도,12,기타 상품 및 서비스,86.715
2014,경상북도,12,기타 상품 및 서비스,89.579
2014,경상남도,12,기타 상품 및 서비스,86.298
2014,제주특별자치도,12,기타 상품 및 서비스,85.768
2015,전국,12,기타 상품 및 서비스,90.271
2015,서울특별시,12,기타 상품 및 서비스,91.123
2015,부산광역시,12,기타 상품 및 서비스,91.317
2015,대구광역시,12,기타 상품 및 서비스,90.24
2015,인천광역시,12,기타 상품 및 서비스,89.42
2015,광주광역시,12,기타 상품 및 서비스,89.211
2015,대전광역시,12,기타 상품 및 서비스,89.975
2015,울산광역시,12,기타 상품 및 서비스,90.775
2015,세종특별자치시,12,기타 상품 및 서비스,88.824
2015,경기도,12,기타 상품 및 서비스,90.272
2015,강원도,12,기타 상품 및 서비스,89.449
2015,충청북도,12,기타 상품 및 서비스,89.003
2015,충청남도,12,기타 상품 및 서비스,89.998
2015,전라북도,12,기타 상품 및 서비스,89.771
2015,전라남도,12,기타 상품 및 서비스,88.532
2015,경상북도,12,기타 상품 및 서비스,91.684
2015,경상남도,12,기타 상품 및 서비스,88.609
2015,제주특별자치도,12,기타 상품 및 서비스,88.68
2016,전국,12,기타 상품 및 서비스,93.378
2016,서울특별시,12,기타 상품 및 서비스,94.056
2016,부산광역시,12,기타 상품 및 서비스,93.815
2016,대구광역시,12,기타 상품 및 서비스,93.046
2016,인천광역시,12,기타 상품 및 서비스,92.967
2016,광주광역시,12,기타 상품 및 서비스,93.115
2016,대전광역시,12,기타 상품 및 서비스,93.296
2016,울산광역시,12,기타 상품 및 서비스,94.088
2016,세종특별자치시,12,기타 상품 및 서비스,92.454
2016,경기도,12,기타 상품 및 서비스,93.354
2016,강원도,12,기타 상품 및 서비스,92.993
2016,충청북도,12,기타 상품 및 서비스,92.355
2016,충청남도,12,기타 상품 및 서비스,93.145
2016,전라북도,12,기타 상품 및 서비스,92.957
2016,전라남도,12,기타 상품 및 서비스,92.364
2016,경상북도,12,기타 상품 및 서비스,94.825
2016,경상남도,12,기타 상품 및 서비스,91.679
2016,제주특별자치도,12,기타 상품 및 서비스,92.122
2017,전국,12,기타 상품 및 서비스,95.967
2017,서울특별시,12,기타 상품 및 서비스,96.333
2017,부산광역시,12,기타 상품 및 서비스,96.535
2017,대구광역시,12,기타 상품 및 서비스,95.574
2017,인천광역시,12,기타 상품 및 서비스,96.16
2017,광주광역시,12,기타 상품 및 서비스,96.464
2017,대전광역시,12,기타 상품 및 서비스,95.851
2017,울산광역시,12,기타 상품 및 서비스,96.709
2017,세종특별자치시,12,기타 상품 및 서비스,95.651
2017,경기도,12,기타 상품 및 서비스,95.667
2017,강원도,12,기타 상품 및 서비스,95.141
2017,충청북도,12,기타 상품 및 서비스,94.386
2017,충청남도,12,기타 상품 및 서비스,95.978
2017,전라북도,12,기타 상품 및 서비스,96.067
2017,전라남도,12,기타 상품 및 서비스,96.364
2017,경상북도,12,기타 상품 및 서비스,97.825
2017,경상남도,12,기타 상품 및 서비스,94.456
2017,제주특별자치도,12,기타 상품 및 서비스,96.035
2018,전국,12,기타 상품 및 서비스,96.533
2018,서울특별시,12,기타 상품 및 서비스,96.615
2018,부산광역시,12,기타 상품 및 서비스,96.961
2018,대구광역시,12,기타 상품 및 서비스,96.43
2018,인천광역시,12,기타 상품 및 서비스,96.074
2018,광주광역시,12,기타 상품 및 서비스,96.932
2018,대전광역시,12,기타 상품 및 서비스,96.799
2018,울산광역시,12,기타 상품 및 서비스,97.278
2018,세종특별자치시,12,기타 상품 및 서비스,96.744
2018,경기도,12,기타 상품 및 서비스,96.166
2018,강원도,12,기타 상품 및 서비스,95.932
2018,충청북도,12,기타 상품 및 서비스,95.791
2018,충청남도,12,기타 상품 및 서비스,97.14
2018,전라북도,12,기타 상품 및 서비스,96.531
2018,전라남도,12,기타 상품 및 서비스,96.757
2018,경상북도,12,기타 상품 및 서비스,97.978
2018,경상남도,12,기타 상품 및 서비스,96.076
2018,제주특별자치도,12,기타 상품 및 서비스,97.126
2019,전국,12,기타 상품 및 서비스,98.082
2019,서울특별시,12,기타 상품 및 서비스,98.159
2019,부산광역시,12,기타 상품 및 서비스,98.267
2019,대구광역시,12,기타 상품 및 서비스,98.043
2019,인천광역시,12,기타 상품 및 서비스,98.066
2019,광주광역시,12,기타 상품 및 서비스,98.261
2019,대전광역시,12,기타 상품 및 서비스,97.928
2019,울산광역시,12,기타 상품 및 서비스,98.636
2019,세종특별자치시,12,기타 상품 및 서비스,98.602
2019,경기도,12,기타 상품 및 서비스,97.905
2019,강원도,12,기타 상품 및 서비스,97.527
2019,충청북도,12,기타 상품 및 서비스,98.064
2019,충청남도,12,기타 상품 및 서비스,98.125
2019,전라북도,12,기타 상품 및 서비스,98.221
2019,전라남도,12,기타 상품 및 서비스,98.014
2019,경상북도,12,기타 상품 및 서비스,98.963
2019,경상남도,12,기타 상품 및 서비스,97.689
2019,제주특별자치도,12,기타 상품 및 서비스,98.123
2020,전국,12,기타 상품 및 서비스,100.0
2020,서울특별시,12,기타 상품 및 서비스,100.0
2020,부산광역시,12,기타 상품 및 서비스,100.0
2020,대구광역시,12,기타 상품 및 서비스,100.0
2020,인천광역시,12,기타 상품 및 서비스,100.0
2020,광주광역시,12,기타 상품 및 서비스,100.0
2020,대전광역시,12,기타 상품 및 서비스,100.0
2020,울산광역시,12,기타 상품 및 서비스,100.0
2020,세종특별자치시,12,기타 상품 및 서비스,100.0
2020,경기도,12,기타 상품 및 서비스,100.0
2020,강원도,12,기타 상품 및 서비스,100.0
2020,충청북도,12,기타 상품 및 서비스,100.0
2020,충청남도,12,기타 상품 및 서비스,100.0
2020,전라북도,12,기타 상품 및 서비스,100.0
2020,전라남도,12,기타 상품 및 서비스,100.0
2020,경상북도,12,기타 상품 및 서비스,100.0
2020,경상남도,12,기타 상품 및 서비스,100.0
2020,제주특별자치도,12,기타 상품 및 서비스,100.0
2021,전국,12,기타 상품 및 서비스,102.0
2021,서울특별시,12,기타 상품 및 서비스,101.64
2021,부산광역시,12,기타 상품 및 서비스,101.73
2021,대구광역시,12,기타 상품 및 서비스,102.2
2021,인천광역시,12,기타 상품 및 서비스,102.15
2021,광주광역시,12,기타 상품 및 서비스,101.77
2021,대전광역시,12,기타 상품 및 서비스,102.15
2021,울산광역시,12,기타 상품 및 서비스,102.4
2021,세종특별자치시,12,기타 상품 및 서비스,102.2
2021,경기도,12,기타 상품 및 서비스,102.23
2021,강원도,12,기타 상품 및 서비스,102.82
2021,충청북도,12,기타 상품 및 서비스,102.03
2021,충청남도,12,기타 상품 및 서비스,102.16
2021,전라북도,12,기타 상품 및 서비스,102.06
2021,전라남도,12,기타 상품 및 서비스,101.89
2021,경상북도,12,기타 상품 및 서비스,101.52
2021,경상남도,12,기타 상품 및 서비스,101.91
2021,제주특별자치도,12,기타 상품 및 서비스,102.54
